State,Year,Month,Rainfall_mm
Andhra Pradesh,2005,Jan,141.16
Andhra Pradesh,2005,Feb,63.58
Andhra Pradesh,2005,Mar,174.94
Andhra Pradesh,2005,Apr,156.1
Andhra Pradesh,2005,May,122.43
Andhra Pradesh,2005,Jun,173.67
Andhra Pradesh,2005,Jul,41.09
Andhra Pradesh,2005,Aug,54.35
Andhra Pradesh,2005,Sep,147.4
Andhra Pradesh,2005,Oct,71.18
Andhra Pradesh,2005,Nov,47.45
Andhra Pradesh,2005,Dec,103.47
Andhra Pradesh,2006,Jan,73.13
Andhra Pradesh,2006,Feb,99.99
Andhra Pradesh,2006,Mar,63.09
Andhra Pradesh,2006,Apr,202.75
Andhra Pradesh,2006,May,81.99
Andhra Pradesh,2006,Jun,104.53
Andhra Pradesh,2006,Jul,92.54
Andhra Pradesh,2006,Aug,38.76
Andhra Pradesh,2006,Sep,56.5
Andhra Pradesh,2006,Oct,38.26
Andhra Pradesh,2006,Nov,42.4
Andhra Pradesh,2006,Dec,182.21
Andhra Pradesh,2007,Jan,105.68
Andhra Pradesh,2007,Feb,160.52
Andhra Pradesh,2007,Mar,101.61
Andhra Pradesh,2007,Apr,148.19
Andhra Pradesh,2007,May,59.01
Andhra Pradesh,2007,Jun,69.25
Andhra Pradesh,2007,Jul,112.66
Andhra Pradesh,2007,Aug,56.23
Andhra Pradesh,2007,Sep,186.08
Andhra Pradesh,2007,Oct,87.5
Andhra Pradesh,2007,Nov,158.39
Andhra Pradesh,2007,Dec,63.55
Andhra Pradesh,2008,Jan,123.67
Andhra Pradesh,2008,Feb,79.68
Andhra Pradesh,2008,Mar,66.27
Andhra Pradesh,2008,Apr,172.05
Andhra Pradesh,2008,May,42.22
Andhra Pradesh,2008,Jun,154.7
Andhra Pradesh,2008,Jul,124.94
Andhra Pradesh,2008,Aug,44.3
Andhra Pradesh,2008,Sep,123.56
Andhra Pradesh,2008,Oct,78.61
Andhra Pradesh,2008,Nov,66.78
Andhra Pradesh,2008,Dec,75.43
Andhra Pradesh,2009,Jan,49.79
Andhra Pradesh,2009,Feb,23.9
Andhra Pradesh,2009,Mar,203.26
Andhra Pradesh,2009,Apr,102.15
Andhra Pradesh,2009,May,209.86
Andhra Pradesh,2009,Jun,55.11
Andhra Pradesh,2009,Jul,85.39
Andhra Pradesh,2009,Aug,43.8
Andhra Pradesh,2009,Sep,121.12
Andhra Pradesh,2009,Oct,93.26
Andhra Pradesh,2009,Nov,72.49
Andhra Pradesh,2009,Dec,41.85
Andhra Pradesh,2010,Jan,99.68
Andhra Pradesh,2010,Feb,164.37
Andhra Pradesh,2010,Mar,113.54
Andhra Pradesh,2010,Apr,161.29
Andhra Pradesh,2010,May,186.13
Andhra Pradesh,2010,Jun,96.14
Andhra Pradesh,2010,Jul,68.36
Andhra Pradesh,2010,Aug,124.32
Andhra Pradesh,2010,Sep,122.72
Andhra Pradesh,2010,Oct,109.55
Andhra Pradesh,2010,Nov,130.12
Andhra Pradesh,2010,Dec,69.44
Andhra Pradesh,2011,Jan,67.14
Andhra Pradesh,2011,Feb,150.07
Andhra Pradesh,2011,Mar,78.08
Andhra Pradesh,2011,Apr,116.13
Andhra Pradesh,2011,May,98.43
Andhra Pradesh,2011,Jun,87.72
Andhra Pradesh,2011,Jul,126.69
Andhra Pradesh,2011,Aug,111.94
Andhra Pradesh,2011,Sep,80.7
Andhra Pradesh,2011,Oct,147.3
Andhra Pradesh,2011,Nov,97.72
Andhra Pradesh,2011,Dec,116.57
Andhra Pradesh,2012,Jan,53.06
Andhra Pradesh,2012,Feb,51.32
Andhra Pradesh,2012,Mar,42.84
Andhra Pradesh,2012,Apr,92.14
Andhra Pradesh,2012,May,54.22
Andhra Pradesh,2012,Jun,89.41
Andhra Pradesh,2012,Jul,172.37
Andhra Pradesh,2012,Aug,61.12
Andhra Pradesh,2012,Sep,99.35
Andhra Pradesh,2012,Oct,93.58
Andhra Pradesh,2012,Nov,40.34
Andhra Pradesh,2012,Dec,59.59
Andhra Pradesh,2013,Jan,45.82
Andhra Pradesh,2013,Feb,85.84
Andhra Pradesh,2013,Mar,210.67
Andhra Pradesh,2013,Apr,67.25
Andhra Pradesh,2013,May,75.34
Andhra Pradesh,2013,Jun,51.49
Andhra Pradesh,2013,Jul,82.63
Andhra Pradesh,2013,Aug,209.8
Andhra Pradesh,2013,Sep,112.69
Andhra Pradesh,2013,Oct,80.73
Andhra Pradesh,2013,Nov,190.06
Andhra Pradesh,2013,Dec,153.16
Andhra Pradesh,2014,Jan,55.53
Andhra Pradesh,2014,Feb,71.95
Andhra Pradesh,2014,Mar,44.64
Andhra Pradesh,2014,Apr,107.45
Andhra Pradesh,2014,May,119.03
Andhra Pradesh,2014,Jun,83.91
Andhra Pradesh,2014,Jul,129.28
Andhra Pradesh,2014,Aug,107.67
Andhra Pradesh,2014,Sep,161.26
Andhra Pradesh,2014,Oct,111.96
Andhra Pradesh,2014,Nov,83.8
Andhra Pradesh,2014,Dec,93.28
Andhra Pradesh,2015,Jan,90.43
Andhra Pradesh,2015,Feb,80.41
Andhra Pradesh,2015,Mar,92.58
Andhra Pradesh,2015,Apr,66.74
Andhra Pradesh,2015,May,38.84
Andhra Pradesh,2015,Jun,62.99
Andhra Pradesh,2015,Jul,112.97
Andhra Pradesh,2015,Aug,101.82
Andhra Pradesh,2015,Sep,81.33
Andhra Pradesh,2015,Oct,50.52
Andhra Pradesh,2015,Nov,34.27
Andhra Pradesh,2015,Dec,104.6
Andhra Pradesh,2016,Jan,108.96
Andhra Pradesh,2016,Feb,92.08
Andhra Pradesh,2016,Mar,125.97
Andhra Pradesh,2016,Apr,80.45
Andhra Pradesh,2016,May,100.82
Andhra Pradesh,2016,Jun,47.22
Andhra Pradesh,2016,Jul,117.87
Andhra Pradesh,2016,Aug,132.98
Andhra Pradesh,2016,Sep,69.36
Andhra Pradesh,2016,Oct,186.05
Andhra Pradesh,2016,Nov,87.31
Andhra Pradesh,2016,Dec,65.96
Andhra Pradesh,2017,Jan,80.03
Andhra Pradesh,2017,Feb,101
Andhra Pradesh,2017,Mar,191.77
Andhra Pradesh,2017,Apr,71.95
Andhra Pradesh,2017,May,85.01
Andhra Pradesh,2017,Jun,95.07
Andhra Pradesh,2017,Jul,46.59
Andhra Pradesh,2017,Aug,71.56
Andhra Pradesh,2017,Sep,79.71
Andhra Pradesh,2017,Oct,75.28
Andhra Pradesh,2017,Nov,70.06
Andhra Pradesh,2017,Dec,111.42
Andhra Pradesh,2018,Jan,85.83
Andhra Pradesh,2018,Feb,70
Andhra Pradesh,2018,Mar,74.63
Andhra Pradesh,2018,Apr,105.08
Andhra Pradesh,2018,May,70.34
Andhra Pradesh,2018,Jun,111.72
Andhra Pradesh,2018,Jul,113.83
Andhra Pradesh,2018,Aug,87.22
Andhra Pradesh,2018,Sep,87.42
Andhra Pradesh,2018,Oct,110.15
Andhra Pradesh,2018,Nov,126.52
Andhra Pradesh,2018,Dec,74.94
Andhra Pradesh,2019,Jan,111.1
Andhra Pradesh,2019,Feb,94.19
Andhra Pradesh,2019,Mar,54.76
Andhra Pradesh,2019,Apr,107.33
Andhra Pradesh,2019,May,174.44
Andhra Pradesh,2019,Jun,89.29
Andhra Pradesh,2019,Jul,179.09
Andhra Pradesh,2019,Aug,42.42
Andhra Pradesh,2019,Sep,103.56
Andhra Pradesh,2019,Oct,69.21
Andhra Pradesh,2019,Nov,96.05
Andhra Pradesh,2019,Dec,47.46
Andhra Pradesh,2020,Jan,153.33
Andhra Pradesh,2020,Feb,58.72
Andhra Pradesh,2020,Mar,69.22
Andhra Pradesh,2020,Apr,93.25
Andhra Pradesh,2020,May,61.28
Andhra Pradesh,2020,Jun,60.33
Andhra Pradesh,2020,Jul,93.31
Andhra Pradesh,2020,Aug,95.63
Andhra Pradesh,2020,Sep,80
Andhra Pradesh,2020,Oct,119.1
Andhra Pradesh,2020,Nov,84.59
Andhra Pradesh,2020,Dec,49.9
Andhra Pradesh,2021,Jan,30.99
Andhra Pradesh,2021,Feb,84.98
Andhra Pradesh,2021,Mar,48.06
Andhra Pradesh,2021,Apr,123.65
Andhra Pradesh,2021,May,17.02
Andhra Pradesh,2021,Jun,110.82
Andhra Pradesh,2021,Jul,55.1
Andhra Pradesh,2021,Aug,121.22
Andhra Pradesh,2021,Sep,53.74
Andhra Pradesh,2021,Oct,192.48
Andhra Pradesh,2021,Nov,188.47
Andhra Pradesh,2021,Dec,145.37
Andhra Pradesh,2022,Jan,110.18
Andhra Pradesh,2022,Feb,33.76
Andhra Pradesh,2022,Mar,47.68
Andhra Pradesh,2022,Apr,64.01
Andhra Pradesh,2022,May,55.77
Andhra Pradesh,2022,Jun,111.82
Andhra Pradesh,2022,Jul,61.12
Andhra Pradesh,2022,Aug,111.15
Andhra Pradesh,2022,Sep,117.66
Andhra Pradesh,2022,Oct,147.11
Andhra Pradesh,2022,Nov,168.29
Andhra Pradesh,2022,Dec,103.73
Andhra Pradesh,2023,Jan,166.6
Andhra Pradesh,2023,Feb,72.74
Andhra Pradesh,2023,Mar,98.09
Andhra Pradesh,2023,Apr,169.47
Andhra Pradesh,2023,May,111.27
Andhra Pradesh,2023,Jun,62.45
Andhra Pradesh,2023,Jul,90.81
Andhra Pradesh,2023,Aug,198.35
Andhra Pradesh,2023,Sep,35.88
Andhra Pradesh,2023,Oct,76.29
Andhra Pradesh,2023,Nov,281.81
Andhra Pradesh,2023,Dec,119.1
Andhra Pradesh,2024,Jan,108.82
Andhra Pradesh,2024,Feb,64.35
Andhra Pradesh,2024,Mar,70.87
Andhra Pradesh,2024,Apr,70.26
Andhra Pradesh,2024,May,84.34
Andhra Pradesh,2024,Jun,135.76
Andhra Pradesh,2024,Jul,136.72
Andhra Pradesh,2024,Aug,115.32
Andhra Pradesh,2024,Sep,89.19
Andhra Pradesh,2024,Oct,28.43
Andhra Pradesh,2024,Nov,158.33
Andhra Pradesh,2024,Dec,127.9
Assam,2005,Jan,159.54
Assam,2005,Feb,65.15
Assam,2005,Mar,71.61
Assam,2005,Apr,273.24
Assam,2005,May,38.87
Assam,2005,Jun,121.56
Assam,2005,Jul,147.43
Assam,2005,Aug,32.67
Assam,2005,Sep,91.18
Assam,2005,Oct,82.35
Assam,2005,Nov,48.32
Assam,2005,Dec,125.91
Assam,2006,Jan,45.1
Assam,2006,Feb,103.47
Assam,2006,Mar,67.52
Assam,2006,Apr,20.4
Assam,2006,May,70.75
Assam,2006,Jun,69.73
Assam,2006,Jul,125.81
Assam,2006,Aug,126.75
Assam,2006,Sep,38.13
Assam,2006,Oct,98.9
Assam,2006,Nov,69.25
Assam,2006,Dec,98.26
Assam,2007,Jan,91.51
Assam,2007,Feb,74.12
Assam,2007,Mar,146.58
Assam,2007,Apr,48.21
Assam,2007,May,62.8
Assam,2007,Jun,154.15
Assam,2007,Jul,79.84
Assam,2007,Aug,114.22
Assam,2007,Sep,105.84
Assam,2007,Oct,105.11
Assam,2007,Nov,74.05
Assam,2007,Dec,52.1
Assam,2008,Jan,81.09
Assam,2008,Feb,152.61
Assam,2008,Mar,55.4
Assam,2008,Apr,35.47
Assam,2008,May,119
Assam,2008,Jun,40.61
Assam,2008,Jul,114.4
Assam,2008,Aug,58.86
Assam,2008,Sep,118.49
Assam,2008,Oct,132.87
Assam,2008,Nov,133.25
Assam,2008,Dec,131.2
Assam,2009,Jan,100.62
Assam,2009,Feb,104.17
Assam,2009,Mar,42.43
Assam,2009,Apr,85.06
Assam,2009,May,80.55
Assam,2009,Jun,151.2
Assam,2009,Jul,88.84
Assam,2009,Aug,71.77
Assam,2009,Sep,102.72
Assam,2009,Oct,88.2
Assam,2009,Nov,156.37
Assam,2009,Dec,45.36
Assam,2010,Jan,91.27
Assam,2010,Feb,131
Assam,2010,Mar,45.43
Assam,2010,Apr,71.19
Assam,2010,May,78.75
Assam,2010,Jun,89.06
Assam,2010,Jul,31.48
Assam,2010,Aug,130.31
Assam,2010,Sep,133.32
Assam,2010,Oct,105.17
Assam,2010,Nov,56.02
Assam,2010,Dec,66.18
Assam,2011,Jan,46.05
Assam,2011,Feb,140
Assam,2011,Mar,57.41
Assam,2011,Apr,56.25
Assam,2011,May,65.29
Assam,2011,Jun,167.97
Assam,2011,Jul,82.25
Assam,2011,Aug,62.2
Assam,2011,Sep,127.22
Assam,2011,Oct,107.81
Assam,2011,Nov,15.58
Assam,2011,Dec,177.95
Assam,2012,Jan,86.1
Assam,2012,Feb,149.54
Assam,2012,Mar,135.68
Assam,2012,Apr,101.57
Assam,2012,May,43.39
Assam,2012,Jun,87.69
Assam,2012,Jul,76.66
Assam,2012,Aug,192.2
Assam,2012,Sep,50.9
Assam,2012,Oct,182.22
Assam,2012,Nov,49.75
Assam,2012,Dec,81.49
Assam,2013,Jan,170.06
Assam,2013,Feb,47.89
Assam,2013,Mar,165.09
Assam,2013,Apr,163.92
Assam,2013,May,145.45
Assam,2013,Jun,82.85
Assam,2013,Jul,86.69
Assam,2013,Aug,121.18
Assam,2013,Sep,50.48
Assam,2013,Oct,169.34
Assam,2013,Nov,84.21
Assam,2013,Dec,81.61
Assam,2014,Jan,85.02
Assam,2014,Feb,84.72
Assam,2014,Mar,76.22
Assam,2014,Apr,111.27
Assam,2014,May,123.23
Assam,2014,Jun,46.33
Assam,2014,Jul,99.32
Assam,2014,Aug,65.17
Assam,2014,Sep,27
Assam,2014,Oct,92.4
Assam,2014,Nov,101.09
Assam,2014,Dec,69.6
Assam,2015,Jan,68.87
Assam,2015,Feb,52.8
Assam,2015,Mar,44.39
Assam,2015,Apr,62.02
Assam,2015,May,55.14
Assam,2015,Jun,69.53
Assam,2015,Jul,41.25
Assam,2015,Aug,55.19
Assam,2015,Sep,104.06
Assam,2015,Oct,118.67
Assam,2015,Nov,72.07
Assam,2015,Dec,85.7
Assam,2016,Jan,181.16
Assam,2016,Feb,114.76
Assam,2016,Mar,237.39
Assam,2016,Apr,104.24
Assam,2016,May,39.76
Assam,2016,Jun,76.67
Assam,2016,Jul,72.85
Assam,2016,Aug,134.25
Assam,2016,Sep,127.94
Assam,2016,Oct,88.21
Assam,2016,Nov,92.67
Assam,2016,Dec,57.87
Assam,2017,Jan,133.54
Assam,2017,Feb,73.78
Assam,2017,Mar,40.63
Assam,2017,Apr,62.01
Assam,2017,May,74.4
Assam,2017,Jun,95.89
Assam,2017,Jul,207.47
Assam,2017,Aug,116.97
Assam,2017,Sep,36.03
Assam,2017,Oct,143.16
Assam,2017,Nov,99.15
Assam,2017,Dec,91.1
Assam,2018,Jan,111.21
Assam,2018,Feb,96.8
Assam,2018,Mar,32.17
Assam,2018,Apr,144.42
Assam,2018,May,30.68
Assam,2018,Jun,120.14
Assam,2018,Jul,68.35
Assam,2018,Aug,54.63
Assam,2018,Sep,180.86
Assam,2018,Oct,102.38
Assam,2018,Nov,119.4
Assam,2018,Dec,77.7
Assam,2019,Jan,132.15
Assam,2019,Feb,63.99
Assam,2019,Mar,124.44
Assam,2019,Apr,107.98
Assam,2019,May,99.6
Assam,2019,Jun,71.51
Assam,2019,Jul,104.45
Assam,2019,Aug,86.26
Assam,2019,Sep,75.48
Assam,2019,Oct,123.57
Assam,2019,Nov,63.21
Assam,2019,Dec,37.94
Assam,2020,Jan,46.6
Assam,2020,Feb,137.48
Assam,2020,Mar,92.61
Assam,2020,Apr,107.19
Assam,2020,May,80.6
Assam,2020,Jun,87.33
Assam,2020,Jul,136.32
Assam,2020,Aug,157.04
Assam,2020,Sep,117.07
Assam,2020,Oct,110.91
Assam,2020,Nov,56.7
Assam,2020,Dec,110.86
Assam,2021,Jan,71.74
Assam,2021,Feb,129.42
Assam,2021,Mar,95.01
Assam,2021,Apr,28.17
Assam,2021,May,175.57
Assam,2021,Jun,119.92
Assam,2021,Jul,195.69
Assam,2021,Aug,96.96
Assam,2021,Sep,86.62
Assam,2021,Oct,56.87
Assam,2021,Nov,62
Assam,2021,Dec,121.17
Assam,2022,Jan,107.55
Assam,2022,Feb,76.55
Assam,2022,Mar,88.82
Assam,2022,Apr,78.89
Assam,2022,May,98.56
Assam,2022,Jun,61.34
Assam,2022,Jul,111.3
Assam,2022,Aug,44.56
Assam,2022,Sep,76.66
Assam,2022,Oct,67.62
Assam,2022,Nov,127.58
Assam,2022,Dec,111.79
Assam,2023,Jan,86.05
Assam,2023,Feb,91.49
Assam,2023,Mar,135.9
Assam,2023,Apr,38.78
Assam,2023,May,158.05
Assam,2023,Jun,213.61
Assam,2023,Jul,61.45
Assam,2023,Aug,78.01
Assam,2023,Sep,37.72
Assam,2023,Oct,155.18
Assam,2023,Nov,82.16
Assam,2023,Dec,84.89
Assam,2024,Jan,233.13
Assam,2024,Feb,141.23
Assam,2024,Mar,67.33
Assam,2024,Apr,69.37
Assam,2024,May,105.01
Assam,2024,Jun,39.67
Assam,2024,Jul,128.4
Assam,2024,Aug,78.62
Assam,2024,Sep,39.13
Assam,2024,Oct,180.54
Assam,2024,Nov,186.8
Assam,2024,Dec,31.9
Bihar,2005,Jan,70.27
Bihar,2005,Feb,98.01
Bihar,2005,Mar,110.04
Bihar,2005,Apr,126.53
Bihar,2005,May,81.37
Bihar,2005,Jun,134.66
Bihar,2005,Jul,214.26
Bihar,2005,Aug,70.33
Bihar,2005,Sep,168.49
Bihar,2005,Oct,101.31
Bihar,2005,Nov,35.5
Bihar,2005,Dec,48.52
Bihar,2006,Jan,68.34
Bihar,2006,Feb,101.25
Bihar,2006,Mar,52.73
Bihar,2006,Apr,107.62
Bihar,2006,May,86.54
Bihar,2006,Jun,142.33
Bihar,2006,Jul,112.06
Bihar,2006,Aug,107.97
Bihar,2006,Sep,79.2
Bihar,2006,Oct,100.36
Bihar,2006,Nov,92.03
Bihar,2006,Dec,84.78
Bihar,2007,Jan,57.79
Bihar,2007,Feb,142.61
Bihar,2007,Mar,98.02
Bihar,2007,Apr,124.07
Bihar,2007,May,98.04
Bihar,2007,Jun,77.96
Bihar,2007,Jul,59.59
Bihar,2007,Aug,88.86
Bihar,2007,Sep,56.81
Bihar,2007,Oct,100.54
Bihar,2007,Nov,30.16
Bihar,2007,Dec,138.17
Bihar,2008,Jan,6.91
Bihar,2008,Feb,85.26
Bihar,2008,Mar,121.69
Bihar,2008,Apr,155.84
Bihar,2008,May,73.94
Bihar,2008,Jun,180.84
Bihar,2008,Jul,64.83
Bihar,2008,Aug,60.3
Bihar,2008,Sep,168.67
Bihar,2008,Oct,116.14
Bihar,2008,Nov,96.87
Bihar,2008,Dec,105.68
Bihar,2009,Jan,78.31
Bihar,2009,Feb,162.79
Bihar,2009,Mar,46.67
Bihar,2009,Apr,69.85
Bihar,2009,May,30.8
Bihar,2009,Jun,33.6
Bihar,2009,Jul,78.79
Bihar,2009,Aug,189.05
Bihar,2009,Sep,118.54
Bihar,2009,Oct,99.99
Bihar,2009,Nov,180.91
Bihar,2009,Dec,30.84
Bihar,2010,Jan,88.85
Bihar,2010,Feb,145.53
Bihar,2010,Mar,36.95
Bihar,2010,Apr,97.37
Bihar,2010,May,166.81
Bihar,2010,Jun,36.07
Bihar,2010,Jul,124.37
Bihar,2010,Aug,91.81
Bihar,2010,Sep,88.38
Bihar,2010,Oct,64.08
Bihar,2010,Nov,50.94
Bihar,2010,Dec,119.61
Bihar,2011,Jan,94.82
Bihar,2011,Feb,121
Bihar,2011,Mar,127.24
Bihar,2011,Apr,54.97
Bihar,2011,May,136.09
Bihar,2011,Jun,78.4
Bihar,2011,Jul,87.03
Bihar,2011,Aug,119.85
Bihar,2011,Sep,101.09
Bihar,2011,Oct,102.11
Bihar,2011,Nov,101.68
Bihar,2011,Dec,49.79
Bihar,2012,Jan,69.84
Bihar,2012,Feb,180.76
Bihar,2012,Mar,62.42
Bihar,2012,Apr,165.95
Bihar,2012,May,202.73
Bihar,2012,Jun,24.16
Bihar,2012,Jul,37.71
Bihar,2012,Aug,113.51
Bihar,2012,Sep,132.41
Bihar,2012,Oct,98.25
Bihar,2012,Nov,87.79
Bihar,2012,Dec,117.91
Bihar,2013,Jan,24.52
Bihar,2013,Feb,67.33
Bihar,2013,Mar,45.1
Bihar,2013,Apr,76.83
Bihar,2013,May,174.9
Bihar,2013,Jun,163.86
Bihar,2013,Jul,85.45
Bihar,2013,Aug,148.99
Bihar,2013,Sep,53.82
Bihar,2013,Oct,43.6
Bihar,2013,Nov,35.5
Bihar,2013,Dec,33.77
Bihar,2014,Jan,148.22
Bihar,2014,Feb,123.34
Bihar,2014,Mar,64
Bihar,2014,Apr,108.03
Bihar,2014,May,74.01
Bihar,2014,Jun,64.2
Bihar,2014,Jul,118.87
Bihar,2014,Aug,41.72
Bihar,2014,Sep,245.99
Bihar,2014,Oct,48.76
Bihar,2014,Nov,156.3
Bihar,2014,Dec,88.98
Bihar,2015,Jan,85.75
Bihar,2015,Feb,239.23
Bihar,2015,Mar,170.63
Bihar,2015,Apr,59.82
Bihar,2015,May,110.33
Bihar,2015,Jun,116.7
Bihar,2015,Jul,67.47
Bihar,2015,Aug,116.44
Bihar,2015,Sep,74.39
Bihar,2015,Oct,92.91
Bihar,2015,Nov,53.5
Bihar,2015,Dec,122.2
Bihar,2016,Jan,78.53
Bihar,2016,Feb,177.17
Bihar,2016,Mar,83.44
Bihar,2016,Apr,176.9
Bihar,2016,May,76.05
Bihar,2016,Jun,77.76
Bihar,2016,Jul,134.57
Bihar,2016,Aug,62.86
Bihar,2016,Sep,94.74
Bihar,2016,Oct,63.68
Bihar,2016,Nov,213.59
Bihar,2016,Dec,169.96
Bihar,2017,Jan,96.34
Bihar,2017,Feb,78.19
Bihar,2017,Mar,53.75
Bihar,2017,Apr,72.33
Bihar,2017,May,105.8
Bihar,2017,Jun,51.32
Bihar,2017,Jul,126.39
Bihar,2017,Aug,155.24
Bihar,2017,Sep,136.52
Bihar,2017,Oct,65.7
Bihar,2017,Nov,141.11
Bihar,2017,Dec,101.28
Bihar,2018,Jan,138.37
Bihar,2018,Feb,143.13
Bihar,2018,Mar,146.87
Bihar,2018,Apr,77.21
Bihar,2018,May,177.22
Bihar,2018,Jun,67.66
Bihar,2018,Jul,51.48
Bihar,2018,Aug,87.12
Bihar,2018,Sep,60.92
Bihar,2018,Oct,117.44
Bihar,2018,Nov,72.43
Bihar,2018,Dec,116.6
Bihar,2019,Jan,79.42
Bihar,2019,Feb,116.52
Bihar,2019,Mar,127.16
Bihar,2019,Apr,74.04
Bihar,2019,May,126.57
Bihar,2019,Jun,32.81
Bihar,2019,Jul,37.63
Bihar,2019,Aug,79.99
Bihar,2019,Sep,97.15
Bihar,2019,Oct,85.75
Bihar,2019,Nov,120.79
Bihar,2019,Dec,97.87
Bihar,2020,Jan,99.67
Bihar,2020,Feb,67.26
Bihar,2020,Mar,135.93
Bihar,2020,Apr,85.6
Bihar,2020,May,163.51
Bihar,2020,Jun,115.42
Bihar,2020,Jul,78.15
Bihar,2020,Aug,192.43
Bihar,2020,Sep,66.92
Bihar,2020,Oct,76.21
Bihar,2020,Nov,92.82
Bihar,2020,Dec,84.75
Bihar,2021,Jan,209.48
Bihar,2021,Feb,62.7
Bihar,2021,Mar,65.76
Bihar,2021,Apr,89.43
Bihar,2021,May,45.66
Bihar,2021,Jun,17.11
Bihar,2021,Jul,147.77
Bihar,2021,Aug,159.18
Bihar,2021,Sep,116.92
Bihar,2021,Oct,88.73
Bihar,2021,Nov,80.49
Bihar,2021,Dec,84.4
Bihar,2022,Jan,121.74
Bihar,2022,Feb,109.14
Bihar,2022,Mar,41.39
Bihar,2022,Apr,111.77
Bihar,2022,May,57.93
Bihar,2022,Jun,72.03
Bihar,2022,Jul,32.34
Bihar,2022,Aug,71.83
Bihar,2022,Sep,186.99
Bihar,2022,Oct,98.84
Bihar,2022,Nov,29.81
Bihar,2022,Dec,55.86
Bihar,2023,Jan,123.27
Bihar,2023,Feb,108.31
Bihar,2023,Mar,69.86
Bihar,2023,Apr,63.53
Bihar,2023,May,61.53
Bihar,2023,Jun,77.14
Bihar,2023,Jul,103.45
Bihar,2023,Aug,103.43
Bihar,2023,Sep,58.21
Bihar,2023,Oct,166.73
Bihar,2023,Nov,104.91
Bihar,2023,Dec,54.96
Bihar,2024,Jan,26.09
Bihar,2024,Feb,164.05
Bihar,2024,Mar,132.08
Bihar,2024,Apr,52.62
Bihar,2024,May,83.43
Bihar,2024,Jun,154.05
Bihar,2024,Jul,140.7
Bihar,2024,Aug,121.91
Bihar,2024,Sep,100.76
Bihar,2024,Oct,59.22
Bihar,2024,Nov,81.18
Bihar,2024,Dec,91.02
Gujarat,2005,Jan,116.87
Gujarat,2005,Feb,133.46
Gujarat,2005,Mar,64.24
Gujarat,2005,Apr,97.15
Gujarat,2005,May,153.16
Gujarat,2005,Jun,140.79
Gujarat,2005,Jul,171.54
Gujarat,2005,Aug,99.03
Gujarat,2005,Sep,72.17
Gujarat,2005,Oct,122.83
Gujarat,2005,Nov,67.53
Gujarat,2005,Dec,61.92
Gujarat,2006,Jan,156.37
Gujarat,2006,Feb,56.06
Gujarat,2006,Mar,97.47
Gujarat,2006,Apr,33.12
Gujarat,2006,May,173.36
Gujarat,2006,Jun,58.49
Gujarat,2006,Jul,140.87
Gujarat,2006,Aug,66.55
Gujarat,2006,Sep,118.58
Gujarat,2006,Oct,52.09
Gujarat,2006,Nov,96.34
Gujarat,2006,Dec,81.08
Gujarat,2007,Jan,53.34
Gujarat,2007,Feb,128.84
Gujarat,2007,Mar,140.36
Gujarat,2007,Apr,95.72
Gujarat,2007,May,39.67
Gujarat,2007,Jun,39.35
Gujarat,2007,Jul,45.08
Gujarat,2007,Aug,109.94
Gujarat,2007,Sep,58.25
Gujarat,2007,Oct,185.35
Gujarat,2007,Nov,42.18
Gujarat,2007,Dec,73.84
Gujarat,2008,Jan,137.99
Gujarat,2008,Feb,158.29
Gujarat,2008,Mar,96.89
Gujarat,2008,Apr,75.56
Gujarat,2008,May,119.85
Gujarat,2008,Jun,71.65
Gujarat,2008,Jul,39.92
Gujarat,2008,Aug,77.7
Gujarat,2008,Sep,65.81
Gujarat,2008,Oct,149.84
Gujarat,2008,Nov,47.86
Gujarat,2008,Dec,49.07
Gujarat,2009,Jan,61.84
Gujarat,2009,Feb,79.93
Gujarat,2009,Mar,194.75
Gujarat,2009,Apr,67.55
Gujarat,2009,May,115.28
Gujarat,2009,Jun,90.64
Gujarat,2009,Jul,101.19
Gujarat,2009,Aug,110.23
Gujarat,2009,Sep,157.44
Gujarat,2009,Oct,64.4
Gujarat,2009,Nov,78.2
Gujarat,2009,Dec,126.94
Gujarat,2010,Jan,103.43
Gujarat,2010,Feb,29.15
Gujarat,2010,Mar,45.91
Gujarat,2010,Apr,110.08
Gujarat,2010,May,53.74
Gujarat,2010,Jun,64.83
Gujarat,2010,Jul,114.87
Gujarat,2010,Aug,156.85
Gujarat,2010,Sep,174.72
Gujarat,2010,Oct,82.45
Gujarat,2010,Nov,128.24
Gujarat,2010,Dec,135.23
Gujarat,2011,Jan,70.2
Gujarat,2011,Feb,123.04
Gujarat,2011,Mar,118.86
Gujarat,2011,Apr,114.36
Gujarat,2011,May,114.56
Gujarat,2011,Jun,157.78
Gujarat,2011,Jul,37.09
Gujarat,2011,Aug,76.7
Gujarat,2011,Sep,154.2
Gujarat,2011,Oct,40.65
Gujarat,2011,Nov,33.08
Gujarat,2011,Dec,47.09
Gujarat,2012,Jan,153.96
Gujarat,2012,Feb,101.42
Gujarat,2012,Mar,159.64
Gujarat,2012,Apr,83.1
Gujarat,2012,May,132.77
Gujarat,2012,Jun,91.66
Gujarat,2012,Jul,116.71
Gujarat,2012,Aug,55.68
Gujarat,2012,Sep,103.39
Gujarat,2012,Oct,107.89
Gujarat,2012,Nov,112.33
Gujarat,2012,Dec,234.58
Gujarat,2013,Jan,118.62
Gujarat,2013,Feb,203.39
Gujarat,2013,Mar,58.46
Gujarat,2013,Apr,90.01
Gujarat,2013,May,28.17
Gujarat,2013,Jun,26.95
Gujarat,2013,Jul,49.53
Gujarat,2013,Aug,67.66
Gujarat,2013,Sep,181.31
Gujarat,2013,Oct,168.91
Gujarat,2013,Nov,105.98
Gujarat,2013,Dec,67.88
Gujarat,2014,Jan,61.31
Gujarat,2014,Feb,94.28
Gujarat,2014,Mar,124.45
Gujarat,2014,Apr,155.12
Gujarat,2014,May,128.77
Gujarat,2014,Jun,34.76
Gujarat,2014,Jul,77.91
Gujarat,2014,Aug,41.22
Gujarat,2014,Sep,121.3
Gujarat,2014,Oct,153.06
Gujarat,2014,Nov,97.2
Gujarat,2014,Dec,98.06
Gujarat,2015,Jan,50.8
Gujarat,2015,Feb,122.42
Gujarat,2015,Mar,165.52
Gujarat,2015,Apr,115.47
Gujarat,2015,May,83.86
Gujarat,2015,Jun,138.96
Gujarat,2015,Jul,91.76
Gujarat,2015,Aug,202.11
Gujarat,2015,Sep,68.13
Gujarat,2015,Oct,56.19
Gujarat,2015,Nov,106.01
Gujarat,2015,Dec,92.55
Gujarat,2016,Jan,195.35
Gujarat,2016,Feb,62.09
Gujarat,2016,Mar,67.13
Gujarat,2016,Apr,26.58
Gujarat,2016,May,137.46
Gujarat,2016,Jun,89.63
Gujarat,2016,Jul,70.16
Gujarat,2016,Aug,101.91
Gujarat,2016,Sep,143.94
Gujarat,2016,Oct,161.91
Gujarat,2016,Nov,119.04
Gujarat,2016,Dec,58.5
Gujarat,2017,Jan,57.13
Gujarat,2017,Feb,123.21
Gujarat,2017,Mar,61.68
Gujarat,2017,Apr,108.36
Gujarat,2017,May,104.98
Gujarat,2017,Jun,42.13
Gujarat,2017,Jul,77.66
Gujarat,2017,Aug,22.49
Gujarat,2017,Sep,79.23
Gujarat,2017,Oct,169.66
Gujarat,2017,Nov,93.11
Gujarat,2017,Dec,62.11
Gujarat,2018,Jan,172.59
Gujarat,2018,Feb,75.52
Gujarat,2018,Mar,97.26
Gujarat,2018,Apr,121.54
Gujarat,2018,May,141.05
Gujarat,2018,Jun,172.97
Gujarat,2018,Jul,83.55
Gujarat,2018,Aug,77.12
Gujarat,2018,Sep,109.81
Gujarat,2018,Oct,129.73
Gujarat,2018,Nov,109.3
Gujarat,2018,Dec,71.18
Gujarat,2019,Jan,178.08
Gujarat,2019,Feb,119.75
Gujarat,2019,Mar,207.4
Gujarat,2019,Apr,231.86
Gujarat,2019,May,46.1
Gujarat,2019,Jun,101.21
Gujarat,2019,Jul,64.96
Gujarat,2019,Aug,109.78
Gujarat,2019,Sep,66.31
Gujarat,2019,Oct,42.59
Gujarat,2019,Nov,142.83
Gujarat,2019,Dec,150.22
Gujarat,2020,Jan,101.71
Gujarat,2020,Feb,116.4
Gujarat,2020,Mar,201.04
Gujarat,2020,Apr,32.3
Gujarat,2020,May,53.73
Gujarat,2020,Jun,118.23
Gujarat,2020,Jul,45.47
Gujarat,2020,Aug,43.26
Gujarat,2020,Sep,69.35
Gujarat,2020,Oct,77.59
Gujarat,2020,Nov,54.37
Gujarat,2020,Dec,109.78
Gujarat,2021,Jan,89.34
Gujarat,2021,Feb,72.08
Gujarat,2021,Mar,247.56
Gujarat,2021,Apr,50.98
Gujarat,2021,May,66.58
Gujarat,2021,Jun,83.5
Gujarat,2021,Jul,119.66
Gujarat,2021,Aug,152.97
Gujarat,2021,Sep,37
Gujarat,2021,Oct,148.05
Gujarat,2021,Nov,43.64
Gujarat,2021,Dec,83.66
Gujarat,2022,Jan,116.74
Gujarat,2022,Feb,204.58
Gujarat,2022,Mar,90.37
Gujarat,2022,Apr,66.92
Gujarat,2022,May,88.22
Gujarat,2022,Jun,92.09
Gujarat,2022,Jul,105.42
Gujarat,2022,Aug,272.74
Gujarat,2022,Sep,101.62
Gujarat,2022,Oct,30.28
Gujarat,2022,Nov,128.21
Gujarat,2022,Dec,102.71
Gujarat,2023,Jan,95.46
Gujarat,2023,Feb,163.27
Gujarat,2023,Mar,147.55
Gujarat,2023,Apr,49.44
Gujarat,2023,May,85.92
Gujarat,2023,Jun,41.69
Gujarat,2023,Jul,37.51
Gujarat,2023,Aug,47.54
Gujarat,2023,Sep,108.15
Gujarat,2023,Oct,138.51
Gujarat,2023,Nov,140.83
Gujarat,2023,Dec,89.7
Gujarat,2024,Jan,52.74
Gujarat,2024,Feb,64.64
Gujarat,2024,Mar,128.94
Gujarat,2024,Apr,33.24
Gujarat,2024,May,100.72
Gujarat,2024,Jun,45.56
Gujarat,2024,Jul,107.86
Gujarat,2024,Aug,129.79
Gujarat,2024,Sep,66.4
Gujarat,2024,Oct,38.19
Gujarat,2024,Nov,77.49
Gujarat,2024,Dec,92.29
Karnataka,2005,Jan,56.01
Karnataka,2005,Feb,96.25
Karnataka,2005,Mar,149.87
Karnataka,2005,Apr,197.65
Karnataka,2005,May,68.59
Karnataka,2005,Jun,166.37
Karnataka,2005,Jul,124.51
Karnataka,2005,Aug,150.17
Karnataka,2005,Sep,121.73
Karnataka,2005,Oct,209.87
Karnataka,2005,Nov,49.07
Karnataka,2005,Dec,93.93
Karnataka,2006,Jan,60.43
Karnataka,2006,Feb,100.21
Karnataka,2006,Mar,147.84
Karnataka,2006,Apr,78.14
Karnataka,2006,May,169.79
Karnataka,2006,Jun,146.09
Karnataka,2006,Jul,90.7
Karnataka,2006,Aug,40.23
Karnataka,2006,Sep,89.52
Karnataka,2006,Oct,236.03
Karnataka,2006,Nov,125.09
Karnataka,2006,Dec,122.07
Karnataka,2007,Jan,33.03
Karnataka,2007,Feb,158.39
Karnataka,2007,Mar,240.2
Karnataka,2007,Apr,128.92
Karnataka,2007,May,81.02
Karnataka,2007,Jun,80.23
Karnataka,2007,Jul,161.5
Karnataka,2007,Aug,97.17
Karnataka,2007,Sep,136.18
Karnataka,2007,Oct,164.37
Karnataka,2007,Nov,60.68
Karnataka,2007,Dec,86.07
Karnataka,2008,Jan,64.87
Karnataka,2008,Feb,101.08
Karnataka,2008,Mar,37.6
Karnataka,2008,Apr,115.66
Karnataka,2008,May,108.87
Karnataka,2008,Jun,80
Karnataka,2008,Jul,110.78
Karnataka,2008,Aug,95.69
Karnataka,2008,Sep,70.83
Karnataka,2008,Oct,104.68
Karnataka,2008,Nov,65.82
Karnataka,2008,Dec,99.39
Karnataka,2009,Jan,38.61
Karnataka,2009,Feb,94.83
Karnataka,2009,Mar,85.9
Karnataka,2009,Apr,144.97
Karnataka,2009,May,90.83
Karnataka,2009,Jun,49.48
Karnataka,2009,Jul,29.52
Karnataka,2009,Aug,144.01
Karnataka,2009,Sep,64.99
Karnataka,2009,Oct,114.97
Karnataka,2009,Nov,75.62
Karnataka,2009,Dec,79.9
Karnataka,2010,Jan,66.36
Karnataka,2010,Feb,45.89
Karnataka,2010,Mar,63.42
Karnataka,2010,Apr,126.38
Karnataka,2010,May,94.76
Karnataka,2010,Jun,105.39
Karnataka,2010,Jul,69.82
Karnataka,2010,Aug,76.58
Karnataka,2010,Sep,72.42
Karnataka,2010,Oct,107.51
Karnataka,2010,Nov,121.51
Karnataka,2010,Dec,69.45
Karnataka,2011,Jan,99.11
Karnataka,2011,Feb,72.01
Karnataka,2011,Mar,59.83
Karnataka,2011,Apr,207.52
Karnataka,2011,May,61.27
Karnataka,2011,Jun,95.56
Karnataka,2011,Jul,93.68
Karnataka,2011,Aug,72.98
Karnataka,2011,Sep,66.78
Karnataka,2011,Oct,53.29
Karnataka,2011,Nov,198.29
Karnataka,2011,Dec,121.55
Karnataka,2012,Jan,182.34
Karnataka,2012,Feb,115.92
Karnataka,2012,Mar,175.91
Karnataka,2012,Apr,110.13
Karnataka,2012,May,59.14
Karnataka,2012,Jun,94.94
Karnataka,2012,Jul,96
Karnataka,2012,Aug,90.07
Karnataka,2012,Sep,135.92
Karnataka,2012,Oct,125.32
Karnataka,2012,Nov,101.08
Karnataka,2012,Dec,215.25
Karnataka,2013,Jan,111.34
Karnataka,2013,Feb,34.21
Karnataka,2013,Mar,60.39
Karnataka,2013,Apr,73.6
Karnataka,2013,May,153.66
Karnataka,2013,Jun,112.35
Karnataka,2013,Jul,123.66
Karnataka,2013,Aug,62
Karnataka,2013,Sep,91.26
Karnataka,2013,Oct,84.51
Karnataka,2013,Nov,193.37
Karnataka,2013,Dec,67.92
Karnataka,2014,Jan,108.73
Karnataka,2014,Feb,52.4
Karnataka,2014,Mar,61.46
Karnataka,2014,Apr,140.02
Karnataka,2014,May,76.46
Karnataka,2014,Jun,41.4
Karnataka,2014,Jul,69.64
Karnataka,2014,Aug,115.05
Karnataka,2014,Sep,90.42
Karnataka,2014,Oct,56.96
Karnataka,2014,Nov,84.16
Karnataka,2014,Dec,61.25
Karnataka,2015,Jan,50.03
Karnataka,2015,Feb,73.26
Karnataka,2015,Mar,66.56
Karnataka,2015,Apr,60.88
Karnataka,2015,May,75.38
Karnataka,2015,Jun,102.4
Karnataka,2015,Jul,66.78
Karnataka,2015,Aug,125.56
Karnataka,2015,Sep,55.63
Karnataka,2015,Oct,39.74
Karnataka,2015,Nov,99.59
Karnataka,2015,Dec,103.09
Karnataka,2016,Jan,171.84
Karnataka,2016,Feb,266.65
Karnataka,2016,Mar,41.03
Karnataka,2016,Apr,62.58
Karnataka,2016,May,110.2
Karnataka,2016,Jun,36.65
Karnataka,2016,Jul,118.97
Karnataka,2016,Aug,175.85
Karnataka,2016,Sep,67.52
Karnataka,2016,Oct,67.05
Karnataka,2016,Nov,88.45
Karnataka,2016,Dec,94.66
Karnataka,2017,Jan,118.03
Karnataka,2017,Feb,42.98
Karnataka,2017,Mar,139.69
Karnataka,2017,Apr,107.36
Karnataka,2017,May,110.98
Karnataka,2017,Jun,78.69
Karnataka,2017,Jul,85.04
Karnataka,2017,Aug,99.51
Karnataka,2017,Sep,59.34
Karnataka,2017,Oct,18.44
Karnataka,2017,Nov,74.44
Karnataka,2017,Dec,39.02
Karnataka,2018,Jan,55.59
Karnataka,2018,Feb,82.48
Karnataka,2018,Mar,116.34
Karnataka,2018,Apr,193.25
Karnataka,2018,May,135.68
Karnataka,2018,Jun,64.47
Karnataka,2018,Jul,39.94
Karnataka,2018,Aug,77.37
Karnataka,2018,Sep,147.76
Karnataka,2018,Oct,149.15
Karnataka,2018,Nov,165.56
Karnataka,2018,Dec,123.46
Karnataka,2019,Jan,44.8
Karnataka,2019,Feb,78.29
Karnataka,2019,Mar,63.21
Karnataka,2019,Apr,105.07
Karnataka,2019,May,169.4
Karnataka,2019,Jun,165.37
Karnataka,2019,Jul,42.61
Karnataka,2019,Aug,106.56
Karnataka,2019,Sep,120.29
Karnataka,2019,Oct,82.84
Karnataka,2019,Nov,85.35
Karnataka,2019,Dec,47.67
Karnataka,2020,Jan,107.57
Karnataka,2020,Feb,78.76
Karnataka,2020,Mar,65.46
Karnataka,2020,Apr,109.69
Karnataka,2020,May,69.63
Karnataka,2020,Jun,112.34
Karnataka,2020,Jul,91.56
Karnataka,2020,Aug,59.21
Karnataka,2020,Sep,110.25
Karnataka,2020,Oct,167.58
Karnataka,2020,Nov,134.72
Karnataka,2020,Dec,89.09
Karnataka,2021,Jan,84.31
Karnataka,2021,Feb,89.36
Karnataka,2021,Mar,65.57
Karnataka,2021,Apr,130.06
Karnataka,2021,May,81.99
Karnataka,2021,Jun,103.73
Karnataka,2021,Jul,174.09
Karnataka,2021,Aug,92.89
Karnataka,2021,Sep,106.04
Karnataka,2021,Oct,121.1
Karnataka,2021,Nov,118.95
Karnataka,2021,Dec,99.58
Karnataka,2022,Jan,100.73
Karnataka,2022,Feb,61.22
Karnataka,2022,Mar,127.14
Karnataka,2022,Apr,90.96
Karnataka,2022,May,87.25
Karnataka,2022,Jun,58.41
Karnataka,2022,Jul,61.94
Karnataka,2022,Aug,111.18
Karnataka,2022,Sep,180.98
Karnataka,2022,Oct,40.17
Karnataka,2022,Nov,75.67
Karnataka,2022,Dec,52.09
Karnataka,2023,Jan,135.56
Karnataka,2023,Feb,51.69
Karnataka,2023,Mar,61.06
Karnataka,2023,Apr,79.59
Karnataka,2023,May,189.62
Karnataka,2023,Jun,90.82
Karnataka,2023,Jul,102.72
Karnataka,2023,Aug,110.63
Karnataka,2023,Sep,78.34
Karnataka,2023,Oct,33.49
Karnataka,2023,Nov,127.71
Karnataka,2023,Dec,61.21
Karnataka,2024,Jan,175.29
Karnataka,2024,Feb,50.87
Karnataka,2024,Mar,81.28
Karnataka,2024,Apr,86.06
Karnataka,2024,May,98.37
Karnataka,2024,Jun,103.24
Karnataka,2024,Jul,36.7
Karnataka,2024,Aug,81.5
Karnataka,2024,Sep,73.3
Karnataka,2024,Oct,54.05
Karnataka,2024,Nov,134.71
Karnataka,2024,Dec,136.68
Kerala,2005,Jan,71.48
Kerala,2005,Feb,118.69
Kerala,2005,Mar,170.8
Kerala,2005,Apr,81.9
Kerala,2005,May,103.63
Kerala,2005,Jun,59.05
Kerala,2005,Jul,32.94
Kerala,2005,Aug,146.13
Kerala,2005,Sep,31.01
Kerala,2005,Oct,67.43
Kerala,2005,Nov,82.9
Kerala,2005,Dec,46.41
Kerala,2006,Jan,106.75
Kerala,2006,Feb,119.77
Kerala,2006,Mar,105.15
Kerala,2006,Apr,101.24
Kerala,2006,May,86.59
Kerala,2006,Jun,78.3
Kerala,2006,Jul,145.8
Kerala,2006,Aug,137.73
Kerala,2006,Sep,56.12
Kerala,2006,Oct,70
Kerala,2006,Nov,126.56
Kerala,2006,Dec,109.97
Kerala,2007,Jan,87.93
Kerala,2007,Feb,49.43
Kerala,2007,Mar,94.99
Kerala,2007,Apr,70.28
Kerala,2007,May,35.91
Kerala,2007,Jun,227.25
Kerala,2007,Jul,26.81
Kerala,2007,Aug,54.89
Kerala,2007,Sep,147.26
Kerala,2007,Oct,166.56
Kerala,2007,Nov,102.28
Kerala,2007,Dec,98.93
Kerala,2008,Jan,68.5
Kerala,2008,Feb,117.74
Kerala,2008,Mar,130.73
Kerala,2008,Apr,177.98
Kerala,2008,May,45.49
Kerala,2008,Jun,72.65
Kerala,2008,Jul,53.62
Kerala,2008,Aug,84.67
Kerala,2008,Sep,118.78
Kerala,2008,Oct,99.02
Kerala,2008,Nov,92.13
Kerala,2008,Dec,48.67
Kerala,2009,Jan,38.62
Kerala,2009,Feb,115.03
Kerala,2009,Mar,67.32
Kerala,2009,Apr,81.05
Kerala,2009,May,69.17
Kerala,2009,Jun,42.61
Kerala,2009,Jul,103.29
Kerala,2009,Aug,111.41
Kerala,2009,Sep,145.35
Kerala,2009,Oct,69.42
Kerala,2009,Nov,70.19
Kerala,2009,Dec,55.12
Kerala,2010,Jan,131.48
Kerala,2010,Feb,118
Kerala,2010,Mar,38.3
Kerala,2010,Apr,107.73
Kerala,2010,May,148
Kerala,2010,Jun,80.22
Kerala,2010,Jul,45.16
Kerala,2010,Aug,170.66
Kerala,2010,Sep,65.73
Kerala,2010,Oct,38.32
Kerala,2010,Nov,54.96
Kerala,2010,Dec,78.56
Kerala,2011,Jan,69.63
Kerala,2011,Feb,92.25
Kerala,2011,Mar,101.37
Kerala,2011,Apr,89.73
Kerala,2011,May,74.84
Kerala,2011,Jun,56.8
Kerala,2011,Jul,61.74
Kerala,2011,Aug,107.19
Kerala,2011,Sep,94.51
Kerala,2011,Oct,150.49
Kerala,2011,Nov,82.54
Kerala,2011,Dec,74.18
Kerala,2012,Jan,54.72
Kerala,2012,Feb,122.08
Kerala,2012,Mar,120.84
Kerala,2012,Apr,179.84
Kerala,2012,May,112.43
Kerala,2012,Jun,114.89
Kerala,2012,Jul,148.77
Kerala,2012,Aug,84.14
Kerala,2012,Sep,129.73
Kerala,2012,Oct,202.46
Kerala,2012,Nov,137.95
Kerala,2012,Dec,63.63
Kerala,2013,Jan,60.64
Kerala,2013,Feb,77.5
Kerala,2013,Mar,92.09
Kerala,2013,Apr,73.28
Kerala,2013,May,107.99
Kerala,2013,Jun,55.45
Kerala,2013,Jul,85.61
Kerala,2013,Aug,52.03
Kerala,2013,Sep,141.15
Kerala,2013,Oct,47.17
Kerala,2013,Nov,51.17
Kerala,2013,Dec,144.69
Kerala,2014,Jan,114.91
Kerala,2014,Feb,80.04
Kerala,2014,Mar,98.01
Kerala,2014,Apr,83.76
Kerala,2014,May,116.58
Kerala,2014,Jun,35.41
Kerala,2014,Jul,115.67
Kerala,2014,Aug,69.06
Kerala,2014,Sep,205.66
Kerala,2014,Oct,53.09
Kerala,2014,Nov,128.41
Kerala,2014,Dec,88.12
Kerala,2015,Jan,40.85
Kerala,2015,Feb,159.93
Kerala,2015,Mar,133.21
Kerala,2015,Apr,143.31
Kerala,2015,May,237.62
Kerala,2015,Jun,76.91
Kerala,2015,Jul,118.7
Kerala,2015,Aug,110.48
Kerala,2015,Sep,29.61
Kerala,2015,Oct,25.83
Kerala,2015,Nov,89.25
Kerala,2015,Dec,144.04
Kerala,2016,Jan,161.54
Kerala,2016,Feb,155.86
Kerala,2016,Mar,27.89
Kerala,2016,Apr,175.53
Kerala,2016,May,106.26
Kerala,2016,Jun,39.92
Kerala,2016,Jul,68.05
Kerala,2016,Aug,233.93
Kerala,2016,Sep,43.83
Kerala,2016,Oct,81.54
Kerala,2016,Nov,131.03
Kerala,2016,Dec,125.93
Kerala,2017,Jan,142.41
Kerala,2017,Feb,97.13
Kerala,2017,Mar,193.11
Kerala,2017,Apr,52.59
Kerala,2017,May,56.92
Kerala,2017,Jun,62.68
Kerala,2017,Jul,173.65
Kerala,2017,Aug,123.81
Kerala,2017,Sep,55.97
Kerala,2017,Oct,81.86
Kerala,2017,Nov,116.57
Kerala,2017,Dec,85.7
Kerala,2018,Jan,22.67
Kerala,2018,Feb,174.24
Kerala,2018,Mar,66.49
Kerala,2018,Apr,152.15
Kerala,2018,May,114.36
Kerala,2018,Jun,91.54
Kerala,2018,Jul,37.89
Kerala,2018,Aug,111.08
Kerala,2018,Sep,196.4
Kerala,2018,Oct,78
Kerala,2018,Nov,96.63
Kerala,2018,Dec,52.44
Kerala,2019,Jan,47.16
Kerala,2019,Feb,88.54
Kerala,2019,Mar,82.81
Kerala,2019,Apr,96.71
Kerala,2019,May,22.67
Kerala,2019,Jun,47.19
Kerala,2019,Jul,107.34
Kerala,2019,Aug,58.26
Kerala,2019,Sep,101.92
Kerala,2019,Oct,92.66
Kerala,2019,Nov,39.33
Kerala,2019,Dec,159.7
Kerala,2020,Jan,148.71
Kerala,2020,Feb,164.86
Kerala,2020,Mar,75.03
Kerala,2020,Apr,55.69
Kerala,2020,May,133.18
Kerala,2020,Jun,129.46
Kerala,2020,Jul,210.72
Kerala,2020,Aug,52.79
Kerala,2020,Sep,153.52
Kerala,2020,Oct,75.19
Kerala,2020,Nov,76.84
Kerala,2020,Dec,156.47
Kerala,2021,Jan,145.55
Kerala,2021,Feb,86.28
Kerala,2021,Mar,76.92
Kerala,2021,Apr,80.96
Kerala,2021,May,143.5
Kerala,2021,Jun,130.99
Kerala,2021,Jul,108.06
Kerala,2021,Aug,63.09
Kerala,2021,Sep,80.57
Kerala,2021,Oct,106.35
Kerala,2021,Nov,54.89
Kerala,2021,Dec,171.39
Kerala,2022,Jan,35.56
Kerala,2022,Feb,165.3
Kerala,2022,Mar,90.35
Kerala,2022,Apr,176.83
Kerala,2022,May,65.1
Kerala,2022,Jun,161.19
Kerala,2022,Jul,160.16
Kerala,2022,Aug,134.52
Kerala,2022,Sep,106.95
Kerala,2022,Oct,90.32
Kerala,2022,Nov,103.91
Kerala,2022,Dec,139.41
Kerala,2023,Jan,181.24
Kerala,2023,Feb,141.7
Kerala,2023,Mar,203.84
Kerala,2023,Apr,123.59
Kerala,2023,May,63.32
Kerala,2023,Jun,62.44
Kerala,2023,Jul,54.06
Kerala,2023,Aug,45.79
Kerala,2023,Sep,66.48
Kerala,2023,Oct,105.66
Kerala,2023,Nov,148.82
Kerala,2023,Dec,143.83
Kerala,2024,Jan,180.75
Kerala,2024,Feb,173.35
Kerala,2024,Mar,30
Kerala,2024,Apr,97.63
Kerala,2024,May,138.57
Kerala,2024,Jun,60.92
Kerala,2024,Jul,65.31
Kerala,2024,Aug,74.1
Kerala,2024,Sep,13.91
Kerala,2024,Oct,45.98
Kerala,2024,Nov,50.11
Kerala,2024,Dec,77.63
Madhya Pradesh,2005,Jan,125.24
Madhya Pradesh,2005,Feb,188.1
Madhya Pradesh,2005,Mar,113.41
Madhya Pradesh,2005,Apr,77.03
Madhya Pradesh,2005,May,116.97
Madhya Pradesh,2005,Jun,97.47
Madhya Pradesh,2005,Jul,43.06
Madhya Pradesh,2005,Aug,98.62
Madhya Pradesh,2005,Sep,84.56
Madhya Pradesh,2005,Oct,115.79
Madhya Pradesh,2005,Nov,158.23
Madhya Pradesh,2005,Dec,202.94
Madhya Pradesh,2006,Jan,85.92
Madhya Pradesh,2006,Feb,54.18
Madhya Pradesh,2006,Mar,56.67
Madhya Pradesh,2006,Apr,50.13
Madhya Pradesh,2006,May,14.34
Madhya Pradesh,2006,Jun,56.94
Madhya Pradesh,2006,Jul,253.34
Madhya Pradesh,2006,Aug,53.09
Madhya Pradesh,2006,Sep,39.94
Madhya Pradesh,2006,Oct,84.78
Madhya Pradesh,2006,Nov,147.58
Madhya Pradesh,2006,Dec,117.98
Madhya Pradesh,2007,Jan,80.35
Madhya Pradesh,2007,Feb,80.31
Madhya Pradesh,2007,Mar,124.9
Madhya Pradesh,2007,Apr,55.01
Madhya Pradesh,2007,May,67.32
Madhya Pradesh,2007,Jun,81.46
Madhya Pradesh,2007,Jul,145.23
Madhya Pradesh,2007,Aug,44.92
Madhya Pradesh,2007,Sep,76.49
Madhya Pradesh,2007,Oct,40.09
Madhya Pradesh,2007,Nov,110.36
Madhya Pradesh,2007,Dec,54.49
Madhya Pradesh,2008,Jan,84.14
Madhya Pradesh,2008,Feb,152.25
Madhya Pradesh,2008,Mar,123.35
Madhya Pradesh,2008,Apr,101.08
Madhya Pradesh,2008,May,119.32
Madhya Pradesh,2008,Jun,132.13
Madhya Pradesh,2008,Jul,35.27
Madhya Pradesh,2008,Aug,61.23
Madhya Pradesh,2008,Sep,75.73
Madhya Pradesh,2008,Oct,92.84
Madhya Pradesh,2008,Nov,58.89
Madhya Pradesh,2008,Dec,43.84
Madhya Pradesh,2009,Jan,62.1
Madhya Pradesh,2009,Feb,124.45
Madhya Pradesh,2009,Mar,24.5
Madhya Pradesh,2009,Apr,62.86
Madhya Pradesh,2009,May,60.33
Madhya Pradesh,2009,Jun,57.1
Madhya Pradesh,2009,Jul,124.85
Madhya Pradesh,2009,Aug,60.87
Madhya Pradesh,2009,Sep,55.34
Madhya Pradesh,2009,Oct,117.92
Madhya Pradesh,2009,Nov,121.16
Madhya Pradesh,2009,Dec,106.26
Madhya Pradesh,2010,Jan,58.11
Madhya Pradesh,2010,Feb,148.88
Madhya Pradesh,2010,Mar,106.68
Madhya Pradesh,2010,Apr,38.24
Madhya Pradesh,2010,May,171.21
Madhya Pradesh,2010,Jun,146.58
Madhya Pradesh,2010,Jul,22.93
Madhya Pradesh,2010,Aug,52.46
Madhya Pradesh,2010,Sep,85.92
Madhya Pradesh,2010,Oct,99.88
Madhya Pradesh,2010,Nov,78.78
Madhya Pradesh,2010,Dec,148.67
Madhya Pradesh,2011,Jan,52.14
Madhya Pradesh,2011,Feb,98.61
Madhya Pradesh,2011,Mar,272.5
Madhya Pradesh,2011,Apr,132.08
Madhya Pradesh,2011,May,63.41
Madhya Pradesh,2011,Jun,127.72
Madhya Pradesh,2011,Jul,91.35
Madhya Pradesh,2011,Aug,101.43
Madhya Pradesh,2011,Sep,103.11
Madhya Pradesh,2011,Oct,83.04
Madhya Pradesh,2011,Nov,77.5
Madhya Pradesh,2011,Dec,47.22
Madhya Pradesh,2012,Jan,66.83
Madhya Pradesh,2012,Feb,59.28
Madhya Pradesh,2012,Mar,120.74
Madhya Pradesh,2012,Apr,128.11
Madhya Pradesh,2012,May,62.45
Madhya Pradesh,2012,Jun,50.92
Madhya Pradesh,2012,Jul,127.66
Madhya Pradesh,2012,Aug,34.49
Madhya Pradesh,2012,Sep,41.09
Madhya Pradesh,2012,Oct,100.3
Madhya Pradesh,2012,Nov,59.52
Madhya Pradesh,2012,Dec,57.3
Madhya Pradesh,2013,Jan,216.85
Madhya Pradesh,2013,Feb,97.39
Madhya Pradesh,2013,Mar,87.22
Madhya Pradesh,2013,Apr,51.62
Madhya Pradesh,2013,May,39.9
Madhya Pradesh,2013,Jun,77.57
Madhya Pradesh,2013,Jul,104.85
Madhya Pradesh,2013,Aug,111.16
Madhya Pradesh,2013,Sep,64.93
Madhya Pradesh,2013,Oct,43.1
Madhya Pradesh,2013,Nov,194.5
Madhya Pradesh,2013,Dec,100.92
Madhya Pradesh,2014,Jan,210.04
Madhya Pradesh,2014,Feb,269.27
Madhya Pradesh,2014,Mar,124.38
Madhya Pradesh,2014,Apr,185.14
Madhya Pradesh,2014,May,96.04
Madhya Pradesh,2014,Jun,56.97
Madhya Pradesh,2014,Jul,122.82
Madhya Pradesh,2014,Aug,86.06
Madhya Pradesh,2014,Sep,157.75
Madhya Pradesh,2014,Oct,63.23
Madhya Pradesh,2014,Nov,94.42
Madhya Pradesh,2014,Dec,89.95
Madhya Pradesh,2015,Jan,129.66
Madhya Pradesh,2015,Feb,77.75
Madhya Pradesh,2015,Mar,114.19
Madhya Pradesh,2015,Apr,83.7
Madhya Pradesh,2015,May,87.07
Madhya Pradesh,2015,Jun,114.95
Madhya Pradesh,2015,Jul,54
Madhya Pradesh,2015,Aug,71.83
Madhya Pradesh,2015,Sep,77.44
Madhya Pradesh,2015,Oct,102.15
Madhya Pradesh,2015,Nov,51.1
Madhya Pradesh,2015,Dec,44.57
Madhya Pradesh,2016,Jan,45.93
Madhya Pradesh,2016,Feb,219.43
Madhya Pradesh,2016,Mar,151.47
Madhya Pradesh,2016,Apr,151.61
Madhya Pradesh,2016,May,156.51
Madhya Pradesh,2016,Jun,62.59
Madhya Pradesh,2016,Jul,178.98
Madhya Pradesh,2016,Aug,41.77
Madhya Pradesh,2016,Sep,84.24
Madhya Pradesh,2016,Oct,61.41
Madhya Pradesh,2016,Nov,199.26
Madhya Pradesh,2016,Dec,116.2
Madhya Pradesh,2017,Jan,110.5
Madhya Pradesh,2017,Feb,60.78
Madhya Pradesh,2017,Mar,68.02
Madhya Pradesh,2017,Apr,61.77
Madhya Pradesh,2017,May,95.5
Madhya Pradesh,2017,Jun,75.48
Madhya Pradesh,2017,Jul,93.6
Madhya Pradesh,2017,Aug,137.21
Madhya Pradesh,2017,Sep,135.62
Madhya Pradesh,2017,Oct,124
Madhya Pradesh,2017,Nov,137.16
Madhya Pradesh,2017,Dec,148.42
Madhya Pradesh,2018,Jan,194.03
Madhya Pradesh,2018,Feb,189.88
Madhya Pradesh,2018,Mar,126.46
Madhya Pradesh,2018,Apr,191.73
Madhya Pradesh,2018,May,74.24
Madhya Pradesh,2018,Jun,304.73
Madhya Pradesh,2018,Jul,233.22
Madhya Pradesh,2018,Aug,62.87
Madhya Pradesh,2018,Sep,63.05
Madhya Pradesh,2018,Oct,36.01
Madhya Pradesh,2018,Nov,28.16
Madhya Pradesh,2018,Dec,39.98
Madhya Pradesh,2019,Jan,169.99
Madhya Pradesh,2019,Feb,150.51
Madhya Pradesh,2019,Mar,119.82
Madhya Pradesh,2019,Apr,31.64
Madhya Pradesh,2019,May,45.99
Madhya Pradesh,2019,Jun,243.23
Madhya Pradesh,2019,Jul,85.34
Madhya Pradesh,2019,Aug,101.5
Madhya Pradesh,2019,Sep,140.06
Madhya Pradesh,2019,Oct,98.52
Madhya Pradesh,2019,Nov,40.46
Madhya Pradesh,2019,Dec,79.62
Madhya Pradesh,2020,Jan,106.71
Madhya Pradesh,2020,Feb,143.85
Madhya Pradesh,2020,Mar,49.92
Madhya Pradesh,2020,Apr,51.88
Madhya Pradesh,2020,May,212.97
Madhya Pradesh,2020,Jun,58.84
Madhya Pradesh,2020,Jul,59.06
Madhya Pradesh,2020,Aug,134.69
Madhya Pradesh,2020,Sep,33.15
Madhya Pradesh,2020,Oct,118.34
Madhya Pradesh,2020,Nov,200.51
Madhya Pradesh,2020,Dec,103.88
Madhya Pradesh,2021,Jan,36.8
Madhya Pradesh,2021,Feb,49.11
Madhya Pradesh,2021,Mar,159.95
Madhya Pradesh,2021,Apr,60.08
Madhya Pradesh,2021,May,53.02
Madhya Pradesh,2021,Jun,116.72
Madhya Pradesh,2021,Jul,59.01
Madhya Pradesh,2021,Aug,85.7
Madhya Pradesh,2021,Sep,86.83
Madhya Pradesh,2021,Oct,97.27
Madhya Pradesh,2021,Nov,140.52
Madhya Pradesh,2021,Dec,81.66
Madhya Pradesh,2022,Jan,38.37
Madhya Pradesh,2022,Feb,99.25
Madhya Pradesh,2022,Mar,182.73
Madhya Pradesh,2022,Apr,74.47
Madhya Pradesh,2022,May,107.79
Madhya Pradesh,2022,Jun,67.29
Madhya Pradesh,2022,Jul,74.59
Madhya Pradesh,2022,Aug,42.96
Madhya Pradesh,2022,Sep,108.16
Madhya Pradesh,2022,Oct,68.26
Madhya Pradesh,2022,Nov,99.15
Madhya Pradesh,2022,Dec,76.25
Madhya Pradesh,2023,Jan,82.18
Madhya Pradesh,2023,Feb,107.42
Madhya Pradesh,2023,Mar,107.78
Madhya Pradesh,2023,Apr,146.12
Madhya Pradesh,2023,May,155.56
Madhya Pradesh,2023,Jun,81.01
Madhya Pradesh,2023,Jul,127.44
Madhya Pradesh,2023,Aug,60.06
Madhya Pradesh,2023,Sep,78.5
Madhya Pradesh,2023,Oct,96.21
Madhya Pradesh,2023,Nov,52.08
Madhya Pradesh,2023,Dec,91.71
Madhya Pradesh,2024,Jan,99.24
Madhya Pradesh,2024,Feb,67.96
Madhya Pradesh,2024,Mar,127.65
Madhya Pradesh,2024,Apr,12.39
Madhya Pradesh,2024,May,80.28
Madhya Pradesh,2024,Jun,158.19
Madhya Pradesh,2024,Jul,177.68
Madhya Pradesh,2024,Aug,72.83
Madhya Pradesh,2024,Sep,76.92
Madhya Pradesh,2024,Oct,66.64
Madhya Pradesh,2024,Nov,49.03
Madhya Pradesh,2024,Dec,182.39
Maharashtra,2005,Jan,63.87
Maharashtra,2005,Feb,95.96
Maharashtra,2005,Mar,141.74
Maharashtra,2005,Apr,142.69
Maharashtra,2005,May,109.49
Maharashtra,2005,Jun,136.38
Maharashtra,2005,Jul,108.74
Maharashtra,2005,Aug,151.04
Maharashtra,2005,Sep,145.65
Maharashtra,2005,Oct,38.14
Maharashtra,2005,Nov,135.13
Maharashtra,2005,Dec,53.01
Maharashtra,2006,Jan,105.15
Maharashtra,2006,Feb,43.6
Maharashtra,2006,Mar,86.22
Maharashtra,2006,Apr,78.82
Maharashtra,2006,May,83.97
Maharashtra,2006,Jun,95.66
Maharashtra,2006,Jul,47.35
Maharashtra,2006,Aug,154.06
Maharashtra,2006,Sep,22.34
Maharashtra,2006,Oct,138.51
Maharashtra,2006,Nov,68.25
Maharashtra,2006,Dec,97.44
Maharashtra,2007,Jan,139.1
Maharashtra,2007,Feb,108.56
Maharashtra,2007,Mar,79.65
Maharashtra,2007,Apr,89.91
Maharashtra,2007,May,79.71
Maharashtra,2007,Jun,147.62
Maharashtra,2007,Jul,149.78
Maharashtra,2007,Aug,60.87
Maharashtra,2007,Sep,133.77
Maharashtra,2007,Oct,181.33
Maharashtra,2007,Nov,115.39
Maharashtra,2007,Dec,68.68
Maharashtra,2008,Jan,47.08
Maharashtra,2008,Feb,101.63
Maharashtra,2008,Mar,41.71
Maharashtra,2008,Apr,89.64
Maharashtra,2008,May,71.53
Maharashtra,2008,Jun,90.04
Maharashtra,2008,Jul,16.49
Maharashtra,2008,Aug,134.82
Maharashtra,2008,Sep,106.9
Maharashtra,2008,Oct,145.66
Maharashtra,2008,Nov,258.58
Maharashtra,2008,Dec,112.68
Maharashtra,2009,Jan,101.51
Maharashtra,2009,Feb,154.59
Maharashtra,2009,Mar,74.53
Maharashtra,2009,Apr,96.5
Maharashtra,2009,May,96.3
Maharashtra,2009,Jun,137.86
Maharashtra,2009,Jul,37.56
Maharashtra,2009,Aug,77.09
Maharashtra,2009,Sep,182.82
Maharashtra,2009,Oct,84.36
Maharashtra,2009,Nov,172.19
Maharashtra,2009,Dec,143.48
Maharashtra,2010,Jan,154.34
Maharashtra,2010,Feb,152.13
Maharashtra,2010,Mar,82.57
Maharashtra,2010,Apr,118.18
Maharashtra,2010,May,40.93
Maharashtra,2010,Jun,118.24
Maharashtra,2010,Jul,240.23
Maharashtra,2010,Aug,135.6
Maharashtra,2010,Sep,62.53
Maharashtra,2010,Oct,72.47
Maharashtra,2010,Nov,144.63
Maharashtra,2010,Dec,73.02
Maharashtra,2011,Jan,13.89
Maharashtra,2011,Feb,44.49
Maharashtra,2011,Mar,104.45
Maharashtra,2011,Apr,143.74
Maharashtra,2011,May,59.5
Maharashtra,2011,Jun,84.69
Maharashtra,2011,Jul,94.63
Maharashtra,2011,Aug,104.78
Maharashtra,2011,Sep,58.84
Maharashtra,2011,Oct,46.1
Maharashtra,2011,Nov,144.03
Maharashtra,2011,Dec,67.26
Maharashtra,2012,Jan,62.05
Maharashtra,2012,Feb,103.74
Maharashtra,2012,Mar,71.75
Maharashtra,2012,Apr,104.5
Maharashtra,2012,May,60.14
Maharashtra,2012,Jun,61.78
Maharashtra,2012,Jul,97.25
Maharashtra,2012,Aug,54.02
Maharashtra,2012,Sep,100.77
Maharashtra,2012,Oct,52.57
Maharashtra,2012,Nov,115.39
Maharashtra,2012,Dec,46.24
Maharashtra,2013,Jan,90.2
Maharashtra,2013,Feb,29.75
Maharashtra,2013,Mar,69.57
Maharashtra,2013,Apr,82.84
Maharashtra,2013,May,49.47
Maharashtra,2013,Jun,102.54
Maharashtra,2013,Jul,100.52
Maharashtra,2013,Aug,80.34
Maharashtra,2013,Sep,93.81
Maharashtra,2013,Oct,51.51
Maharashtra,2013,Nov,97.75
Maharashtra,2013,Dec,151.33
Maharashtra,2014,Jan,76.38
Maharashtra,2014,Feb,98.78
Maharashtra,2014,Mar,109.94
Maharashtra,2014,Apr,144.46
Maharashtra,2014,May,128.49
Maharashtra,2014,Jun,151.67
Maharashtra,2014,Jul,205.47
Maharashtra,2014,Aug,100.12
Maharashtra,2014,Sep,83.27
Maharashtra,2014,Oct,54.25
Maharashtra,2014,Nov,73.34
Maharashtra,2014,Dec,87.69
Maharashtra,2015,Jan,104.52
Maharashtra,2015,Feb,115.26
Maharashtra,2015,Mar,72.96
Maharashtra,2015,Apr,53.22
Maharashtra,2015,May,41.3
Maharashtra,2015,Jun,143.14
Maharashtra,2015,Jul,161.8
Maharashtra,2015,Aug,127.91
Maharashtra,2015,Sep,141.96
Maharashtra,2015,Oct,52.89
Maharashtra,2015,Nov,138.02
Maharashtra,2015,Dec,74.57
Maharashtra,2016,Jan,143.38
Maharashtra,2016,Feb,79.48
Maharashtra,2016,Mar,57.32
Maharashtra,2016,Apr,42.87
Maharashtra,2016,May,259.37
Maharashtra,2016,Jun,115.56
Maharashtra,2016,Jul,74.53
Maharashtra,2016,Aug,188.87
Maharashtra,2016,Sep,123.44
Maharashtra,2016,Oct,158.48
Maharashtra,2016,Nov,46
Maharashtra,2016,Dec,155.17
Maharashtra,2017,Jan,84.25
Maharashtra,2017,Feb,35.58
Maharashtra,2017,Mar,208.68
Maharashtra,2017,Apr,106.07
Maharashtra,2017,May,134.53
Maharashtra,2017,Jun,99.19
Maharashtra,2017,Jul,95.23
Maharashtra,2017,Aug,106.8
Maharashtra,2017,Sep,83.41
Maharashtra,2017,Oct,58.57
Maharashtra,2017,Nov,119.66
Maharashtra,2017,Dec,169.58
Maharashtra,2018,Jan,163.02
Maharashtra,2018,Feb,52.79
Maharashtra,2018,Mar,165.5
Maharashtra,2018,Apr,70.41
Maharashtra,2018,May,62.75
Maharashtra,2018,Jun,32.87
Maharashtra,2018,Jul,90.74
Maharashtra,2018,Aug,90.98
Maharashtra,2018,Sep,106.8
Maharashtra,2018,Oct,62.07
Maharashtra,2018,Nov,89.28
Maharashtra,2018,Dec,71.06
Maharashtra,2019,Jan,106.7
Maharashtra,2019,Feb,149.89
Maharashtra,2019,Mar,152.32
Maharashtra,2019,Apr,160.85
Maharashtra,2019,May,48.54
Maharashtra,2019,Jun,79.3
Maharashtra,2019,Jul,68.96
Maharashtra,2019,Aug,37.52
Maharashtra,2019,Sep,96.92
Maharashtra,2019,Oct,115.8
Maharashtra,2019,Nov,158.46
Maharashtra,2019,Dec,91.07
Maharashtra,2020,Jan,132.2
Maharashtra,2020,Feb,37.39
Maharashtra,2020,Mar,32.82
Maharashtra,2020,Apr,69.23
Maharashtra,2020,May,99.03
Maharashtra,2020,Jun,77.73
Maharashtra,2020,Jul,133.27
Maharashtra,2020,Aug,196.92
Maharashtra,2020,Sep,120.09
Maharashtra,2020,Oct,77.23
Maharashtra,2020,Nov,64.27
Maharashtra,2020,Dec,44.68
Maharashtra,2021,Jan,90.63
Maharashtra,2021,Feb,196.69
Maharashtra,2021,Mar,102.62
Maharashtra,2021,Apr,89.38
Maharashtra,2021,May,106.52
Maharashtra,2021,Jun,117.75
Maharashtra,2021,Jul,22.87
Maharashtra,2021,Aug,251.96
Maharashtra,2021,Sep,20.69
Maharashtra,2021,Oct,82.23
Maharashtra,2021,Nov,107.11
Maharashtra,2021,Dec,83.19
Maharashtra,2022,Jan,96.72
Maharashtra,2022,Feb,68.62
Maharashtra,2022,Mar,73.2
Maharashtra,2022,Apr,88.86
Maharashtra,2022,May,128.48
Maharashtra,2022,Jun,97.72
Maharashtra,2022,Jul,147.85
Maharashtra,2022,Aug,124.73
Maharashtra,2022,Sep,148.84
Maharashtra,2022,Oct,79.33
Maharashtra,2022,Nov,58.77
Maharashtra,2022,Dec,56.79
Maharashtra,2023,Jan,105.74
Maharashtra,2023,Feb,49.5
Maharashtra,2023,Mar,164.58
Maharashtra,2023,Apr,51.07
Maharashtra,2023,May,158.6
Maharashtra,2023,Jun,76.69
Maharashtra,2023,Jul,101.05
Maharashtra,2023,Aug,173.91
Maharashtra,2023,Sep,65.56
Maharashtra,2023,Oct,88.99
Maharashtra,2023,Nov,103.74
Maharashtra,2023,Dec,91.23
Maharashtra,2024,Jan,42.54
Maharashtra,2024,Feb,128.36
Maharashtra,2024,Mar,97.13
Maharashtra,2024,Apr,57.23
Maharashtra,2024,May,96.73
Maharashtra,2024,Jun,116.25
Maharashtra,2024,Jul,98.16
Maharashtra,2024,Aug,169.1
Maharashtra,2024,Sep,33.46
Maharashtra,2024,Oct,62.89
Maharashtra,2024,Nov,121.99
Maharashtra,2024,Dec,75.97
Odisha,2005,Jan,39.58
Odisha,2005,Feb,185.78
Odisha,2005,Mar,61.49
Odisha,2005,Apr,73.7
Odisha,2005,May,92.71
Odisha,2005,Jun,181.61
Odisha,2005,Jul,96.7
Odisha,2005,Aug,72.61
Odisha,2005,Sep,289.23
Odisha,2005,Oct,113.14
Odisha,2005,Nov,102.5
Odisha,2005,Dec,41.89
Odisha,2006,Jan,115.87
Odisha,2006,Feb,143.85
Odisha,2006,Mar,44.91
Odisha,2006,Apr,176.17
Odisha,2006,May,259.13
Odisha,2006,Jun,186.37
Odisha,2006,Jul,65.61
Odisha,2006,Aug,179.53
Odisha,2006,Sep,131.47
Odisha,2006,Oct,84.56
Odisha,2006,Nov,161.92
Odisha,2006,Dec,119
Odisha,2007,Jan,98.06
Odisha,2007,Feb,76.32
Odisha,2007,Mar,67.54
Odisha,2007,Apr,106.42
Odisha,2007,May,81.85
Odisha,2007,Jun,118.95
Odisha,2007,Jul,162.42
Odisha,2007,Aug,93.04
Odisha,2007,Sep,73.28
Odisha,2007,Oct,119.85
Odisha,2007,Nov,79.81
Odisha,2007,Dec,123.46
Odisha,2008,Jan,50.45
Odisha,2008,Feb,136.91
Odisha,2008,Mar,130.76
Odisha,2008,Apr,94.32
Odisha,2008,May,108.2
Odisha,2008,Jun,130.41
Odisha,2008,Jul,181.61
Odisha,2008,Aug,58.85
Odisha,2008,Sep,114.05
Odisha,2008,Oct,46.05
Odisha,2008,Nov,57.43
Odisha,2008,Dec,165.08
Odisha,2009,Jan,51.26
Odisha,2009,Feb,121.16
Odisha,2009,Mar,73.46
Odisha,2009,Apr,47.56
Odisha,2009,May,57.2
Odisha,2009,Jun,63.93
Odisha,2009,Jul,148.84
Odisha,2009,Aug,64.14
Odisha,2009,Sep,73.78
Odisha,2009,Oct,80.33
Odisha,2009,Nov,79.78
Odisha,2009,Dec,157.04
Odisha,2010,Jan,37.36
Odisha,2010,Feb,146.68
Odisha,2010,Mar,92.92
Odisha,2010,Apr,127.26
Odisha,2010,May,60.23
Odisha,2010,Jun,67.73
Odisha,2010,Jul,91.86
Odisha,2010,Aug,62.94
Odisha,2010,Sep,56.2
Odisha,2010,Oct,38.93
Odisha,2010,Nov,67.2
Odisha,2010,Dec,86.4
Odisha,2011,Jan,85.02
Odisha,2011,Feb,96.12
Odisha,2011,Mar,111.47
Odisha,2011,Apr,36.87
Odisha,2011,May,113.25
Odisha,2011,Jun,84.42
Odisha,2011,Jul,131.3
Odisha,2011,Aug,51.44
Odisha,2011,Sep,136.92
Odisha,2011,Oct,189.59
Odisha,2011,Nov,113.85
Odisha,2011,Dec,41.1
Odisha,2012,Jan,64.57
Odisha,2012,Feb,62.5
Odisha,2012,Mar,84.26
Odisha,2012,Apr,131.2
Odisha,2012,May,54.81
Odisha,2012,Jun,166.13
Odisha,2012,Jul,121.23
Odisha,2012,Aug,109.08
Odisha,2012,Sep,51.62
Odisha,2012,Oct,197.85
Odisha,2012,Nov,198.95
Odisha,2012,Dec,65.91
Odisha,2013,Jan,61.48
Odisha,2013,Feb,77.72
Odisha,2013,Mar,103.42
Odisha,2013,Apr,39.92
Odisha,2013,May,53.34
Odisha,2013,Jun,109.11
Odisha,2013,Jul,139.18
Odisha,2013,Aug,114.77
Odisha,2013,Sep,133.36
Odisha,2013,Oct,138.66
Odisha,2013,Nov,142.69
Odisha,2013,Dec,111.04
Odisha,2014,Jan,72.24
Odisha,2014,Feb,31.1
Odisha,2014,Mar,155.88
Odisha,2014,Apr,100.55
Odisha,2014,May,99.99
Odisha,2014,Jun,141.73
Odisha,2014,Jul,45.4
Odisha,2014,Aug,103.37
Odisha,2014,Sep,70.85
Odisha,2014,Oct,96.94
Odisha,2014,Nov,182.33
Odisha,2014,Dec,77.53
Odisha,2015,Jan,106.04
Odisha,2015,Feb,97.95
Odisha,2015,Mar,134.15
Odisha,2015,Apr,118.23
Odisha,2015,May,58.15
Odisha,2015,Jun,171.07
Odisha,2015,Jul,97.84
Odisha,2015,Aug,58.14
Odisha,2015,Sep,49.56
Odisha,2015,Oct,125.32
Odisha,2015,Nov,153.53
Odisha,2015,Dec,138.47
Odisha,2016,Jan,85.35
Odisha,2016,Feb,88.09
Odisha,2016,Mar,120.93
Odisha,2016,Apr,57.66
Odisha,2016,May,153.74
Odisha,2016,Jun,127.87
Odisha,2016,Jul,67.96
Odisha,2016,Aug,95.84
Odisha,2016,Sep,91.15
Odisha,2016,Oct,73.78
Odisha,2016,Nov,148.65
Odisha,2016,Dec,34.06
Odisha,2017,Jan,133.26
Odisha,2017,Feb,146.81
Odisha,2017,Mar,95.87
Odisha,2017,Apr,24.03
Odisha,2017,May,50.33
Odisha,2017,Jun,67.96
Odisha,2017,Jul,101.56
Odisha,2017,Aug,142.47
Odisha,2017,Sep,55.04
Odisha,2017,Oct,100.1
Odisha,2017,Nov,39.17
Odisha,2017,Dec,160.28
Odisha,2018,Jan,52.54
Odisha,2018,Feb,91.79
Odisha,2018,Mar,99.22
Odisha,2018,Apr,99.45
Odisha,2018,May,52.25
Odisha,2018,Jun,79.52
Odisha,2018,Jul,54
Odisha,2018,Aug,96.66
Odisha,2018,Sep,64.63
Odisha,2018,Oct,89.34
Odisha,2018,Nov,107.41
Odisha,2018,Dec,85.95
Odisha,2019,Jan,79.94
Odisha,2019,Feb,66.14
Odisha,2019,Mar,87.11
Odisha,2019,Apr,57.35
Odisha,2019,May,114.21
Odisha,2019,Jun,99.62
Odisha,2019,Jul,92.76
Odisha,2019,Aug,187.86
Odisha,2019,Sep,167.67
Odisha,2019,Oct,48.38
Odisha,2019,Nov,114.23
Odisha,2019,Dec,85.33
Odisha,2020,Jan,104.09
Odisha,2020,Feb,72.14
Odisha,2020,Mar,86.46
Odisha,2020,Apr,70.87
Odisha,2020,May,48.58
Odisha,2020,Jun,172.69
Odisha,2020,Jul,32.27
Odisha,2020,Aug,43.67
Odisha,2020,Sep,51.72
Odisha,2020,Oct,151.55
Odisha,2020,Nov,90.32
Odisha,2020,Dec,54.32
Odisha,2021,Jan,81.05
Odisha,2021,Feb,141.96
Odisha,2021,Mar,167.86
Odisha,2021,Apr,89.9
Odisha,2021,May,84.02
Odisha,2021,Jun,76.91
Odisha,2021,Jul,49.72
Odisha,2021,Aug,103.13
Odisha,2021,Sep,60
Odisha,2021,Oct,66.84
Odisha,2021,Nov,130.39
Odisha,2021,Dec,140.06
Odisha,2022,Jan,33.49
Odisha,2022,Feb,123.76
Odisha,2022,Mar,100.09
Odisha,2022,Apr,140.71
Odisha,2022,May,91.24
Odisha,2022,Jun,82.76
Odisha,2022,Jul,101.64
Odisha,2022,Aug,47.77
Odisha,2022,Sep,125.41
Odisha,2022,Oct,78.28
Odisha,2022,Nov,67.13
Odisha,2022,Dec,58.15
Odisha,2023,Jan,113.4
Odisha,2023,Feb,146.28
Odisha,2023,Mar,115.99
Odisha,2023,Apr,91.77
Odisha,2023,May,94.57
Odisha,2023,Jun,80.7
Odisha,2023,Jul,145.12
Odisha,2023,Aug,85.1
Odisha,2023,Sep,138.84
Odisha,2023,Oct,69.45
Odisha,2023,Nov,185.97
Odisha,2023,Dec,87.56
Odisha,2024,Jan,114.13
Odisha,2024,Feb,36.51
Odisha,2024,Mar,131.56
Odisha,2024,Apr,52.28
Odisha,2024,May,168.82
Odisha,2024,Jun,93.2
Odisha,2024,Jul,53.73
Odisha,2024,Aug,85.71
Odisha,2024,Sep,113.35
Odisha,2024,Oct,133.3
Odisha,2024,Nov,124.86
Odisha,2024,Dec,128.71
Punjab,2005,Jan,66.37
Punjab,2005,Feb,54.05
Punjab,2005,Mar,74.12
Punjab,2005,Apr,45.82
Punjab,2005,May,39.6
Punjab,2005,Jun,69.07
Punjab,2005,Jul,174.52
Punjab,2005,Aug,159.5
Punjab,2005,Sep,46.83
Punjab,2005,Oct,75.01
Punjab,2005,Nov,122.3
Punjab,2005,Dec,89.08
Punjab,2006,Jan,107.21
Punjab,2006,Feb,29.94
Punjab,2006,Mar,123.85
Punjab,2006,Apr,117.77
Punjab,2006,May,30.57
Punjab,2006,Jun,57.41
Punjab,2006,Jul,55.99
Punjab,2006,Aug,46.49
Punjab,2006,Sep,36.78
Punjab,2006,Oct,49.43
Punjab,2006,Nov,71.09
Punjab,2006,Dec,94.93
Punjab,2007,Jan,77.91
Punjab,2007,Feb,154.51
Punjab,2007,Mar,44.9
Punjab,2007,Apr,30.91
Punjab,2007,May,77.56
Punjab,2007,Jun,32.28
Punjab,2007,Jul,59.29
Punjab,2007,Aug,96.37
Punjab,2007,Sep,104.89
Punjab,2007,Oct,61.03
Punjab,2007,Nov,111.74
Punjab,2007,Dec,42.94
Punjab,2008,Jan,100.66
Punjab,2008,Feb,36.2
Punjab,2008,Mar,261.52
Punjab,2008,Apr,138.16
Punjab,2008,May,58.21
Punjab,2008,Jun,89.58
Punjab,2008,Jul,51.22
Punjab,2008,Aug,113.56
Punjab,2008,Sep,144.95
Punjab,2008,Oct,149.48
Punjab,2008,Nov,145.15
Punjab,2008,Dec,135.92
Punjab,2009,Jan,101.4
Punjab,2009,Feb,89.35
Punjab,2009,Mar,79.18
Punjab,2009,Apr,61.29
Punjab,2009,May,75.93
Punjab,2009,Jun,72.26
Punjab,2009,Jul,44.96
Punjab,2009,Aug,78.94
Punjab,2009,Sep,82.52
Punjab,2009,Oct,50.28
Punjab,2009,Nov,126.38
Punjab,2009,Dec,99.09
Punjab,2010,Jan,47.37
Punjab,2010,Feb,96.7
Punjab,2010,Mar,69.04
Punjab,2010,Apr,78.21
Punjab,2010,May,88.09
Punjab,2010,Jun,152.71
Punjab,2010,Jul,69.88
Punjab,2010,Aug,103.42
Punjab,2010,Sep,63.77
Punjab,2010,Oct,123.99
Punjab,2010,Nov,104.84
Punjab,2010,Dec,81.3
Punjab,2011,Jan,142.98
Punjab,2011,Feb,202.05
Punjab,2011,Mar,81.42
Punjab,2011,Apr,104.47
Punjab,2011,May,89.32
Punjab,2011,Jun,270.46
Punjab,2011,Jul,82.08
Punjab,2011,Aug,67.23
Punjab,2011,Sep,70.4
Punjab,2011,Oct,143.78
Punjab,2011,Nov,130.08
Punjab,2011,Dec,125.72
Punjab,2012,Jan,131.32
Punjab,2012,Feb,131.25
Punjab,2012,Mar,102.76
Punjab,2012,Apr,103.12
Punjab,2012,May,69.46
Punjab,2012,Jun,79.73
Punjab,2012,Jul,132.79
Punjab,2012,Aug,60.05
Punjab,2012,Sep,92.29
Punjab,2012,Oct,72.03
Punjab,2012,Nov,56.21
Punjab,2012,Dec,196.85
Punjab,2013,Jan,109.72
Punjab,2013,Feb,64.83
Punjab,2013,Mar,225.92
Punjab,2013,Apr,51.32
Punjab,2013,May,202.98
Punjab,2013,Jun,100.03
Punjab,2013,Jul,65.44
Punjab,2013,Aug,49.76
Punjab,2013,Sep,125.6
Punjab,2013,Oct,163.61
Punjab,2013,Nov,45.74
Punjab,2013,Dec,34.49
Punjab,2014,Jan,104.21
Punjab,2014,Feb,80.55
Punjab,2014,Mar,99.84
Punjab,2014,Apr,71.8
Punjab,2014,May,45.92
Punjab,2014,Jun,84.18
Punjab,2014,Jul,171.05
Punjab,2014,Aug,100.31
Punjab,2014,Sep,51.15
Punjab,2014,Oct,143.75
Punjab,2014,Nov,53.96
Punjab,2014,Dec,52.16
Punjab,2015,Jan,172.49
Punjab,2015,Feb,62.55
Punjab,2015,Mar,132.27
Punjab,2015,Apr,171.41
Punjab,2015,May,77.64
Punjab,2015,Jun,132.78
Punjab,2015,Jul,124.24
Punjab,2015,Aug,45.88
Punjab,2015,Sep,92.35
Punjab,2015,Oct,87.04
Punjab,2015,Nov,85.82
Punjab,2015,Dec,81.81
Punjab,2016,Jan,100.09
Punjab,2016,Feb,107.42
Punjab,2016,Mar,98.08
Punjab,2016,Apr,93.31
Punjab,2016,May,68.09
Punjab,2016,Jun,185.29
Punjab,2016,Jul,48.74
Punjab,2016,Aug,13.24
Punjab,2016,Sep,105.38
Punjab,2016,Oct,68.21
Punjab,2016,Nov,100.47
Punjab,2016,Dec,49.48
Punjab,2017,Jan,202.49
Punjab,2017,Feb,201.16
Punjab,2017,Mar,134.55
Punjab,2017,Apr,95.37
Punjab,2017,May,69.85
Punjab,2017,Jun,78.3
Punjab,2017,Jul,225.92
Punjab,2017,Aug,134.67
Punjab,2017,Sep,26.36
Punjab,2017,Oct,201.51
Punjab,2017,Nov,36.24
Punjab,2017,Dec,104.23
Punjab,2018,Jan,89.56
Punjab,2018,Feb,156.9
Punjab,2018,Mar,92.01
Punjab,2018,Apr,236.6
Punjab,2018,May,91.87
Punjab,2018,Jun,56.17
Punjab,2018,Jul,128.25
Punjab,2018,Aug,46.64
Punjab,2018,Sep,53.5
Punjab,2018,Oct,122.04
Punjab,2018,Nov,199.1
Punjab,2018,Dec,168.09
Punjab,2019,Jan,74.83
Punjab,2019,Feb,89.16
Punjab,2019,Mar,70.7
Punjab,2019,Apr,70.55
Punjab,2019,May,72.69
Punjab,2019,Jun,151.93
Punjab,2019,Jul,179.09
Punjab,2019,Aug,127.16
Punjab,2019,Sep,51.55
Punjab,2019,Oct,95.76
Punjab,2019,Nov,86.66
Punjab,2019,Dec,123.67
Punjab,2020,Jan,116.15
Punjab,2020,Feb,125.81
Punjab,2020,Mar,76.56
Punjab,2020,Apr,51.76
Punjab,2020,May,107.37
Punjab,2020,Jun,52.44
Punjab,2020,Jul,108.08
Punjab,2020,Aug,171.72
Punjab,2020,Sep,104.77
Punjab,2020,Oct,126.04
Punjab,2020,Nov,38.78
Punjab,2020,Dec,81.91
Punjab,2021,Jan,94.53
Punjab,2021,Feb,127.48
Punjab,2021,Mar,90.48
Punjab,2021,Apr,89.23
Punjab,2021,May,57.13
Punjab,2021,Jun,110.16
Punjab,2021,Jul,251.33
Punjab,2021,Aug,151.77
Punjab,2021,Sep,144.86
Punjab,2021,Oct,152.02
Punjab,2021,Nov,98.66
Punjab,2021,Dec,70.21
Punjab,2022,Jan,97.58
Punjab,2022,Feb,48.25
Punjab,2022,Mar,41.24
Punjab,2022,Apr,72.58
Punjab,2022,May,96.84
Punjab,2022,Jun,54.57
Punjab,2022,Jul,73.29
Punjab,2022,Aug,142.75
Punjab,2022,Sep,179.16
Punjab,2022,Oct,44.08
Punjab,2022,Nov,77.75
Punjab,2022,Dec,177.28
Punjab,2023,Jan,149.52
Punjab,2023,Feb,142.72
Punjab,2023,Mar,88.4
Punjab,2023,Apr,108.59
Punjab,2023,May,130.88
Punjab,2023,Jun,209.12
Punjab,2023,Jul,67.71
Punjab,2023,Aug,96.92
Punjab,2023,Sep,88
Punjab,2023,Oct,82.82
Punjab,2023,Nov,125.87
Punjab,2023,Dec,125
Punjab,2024,Jan,97.42
Punjab,2024,Feb,167.48
Punjab,2024,Mar,130.46
Punjab,2024,Apr,147.63
Punjab,2024,May,68.02
Punjab,2024,Jun,99.13
Punjab,2024,Jul,145.16
Punjab,2024,Aug,55.46
Punjab,2024,Sep,127.24
Punjab,2024,Oct,54.85
Punjab,2024,Nov,132.81
Punjab,2024,Dec,75.67
Rajasthan,2005,Jan,113.48
Rajasthan,2005,Feb,72.09
Rajasthan,2005,Mar,58.89
Rajasthan,2005,Apr,161.07
Rajasthan,2005,May,49.79
Rajasthan,2005,Jun,61.8
Rajasthan,2005,Jul,173.5
Rajasthan,2005,Aug,71.52
Rajasthan,2005,Sep,50.66
Rajasthan,2005,Oct,103.96
Rajasthan,2005,Nov,81.82
Rajasthan,2005,Dec,66.8
Rajasthan,2006,Jan,119.69
Rajasthan,2006,Feb,38.76
Rajasthan,2006,Mar,92.82
Rajasthan,2006,Apr,43.95
Rajasthan,2006,May,158.24
Rajasthan,2006,Jun,233.02
Rajasthan,2006,Jul,61.88
Rajasthan,2006,Aug,104.33
Rajasthan,2006,Sep,35.65
Rajasthan,2006,Oct,42.27
Rajasthan,2006,Nov,71.63
Rajasthan,2006,Dec,79.08
Rajasthan,2007,Jan,67.29
Rajasthan,2007,Feb,86.74
Rajasthan,2007,Mar,123.45
Rajasthan,2007,Apr,93.58
Rajasthan,2007,May,114.81
Rajasthan,2007,Jun,49.48
Rajasthan,2007,Jul,86.89
Rajasthan,2007,Aug,191.32
Rajasthan,2007,Sep,63.63
Rajasthan,2007,Oct,102.27
Rajasthan,2007,Nov,105.02
Rajasthan,2007,Dec,58.78
Rajasthan,2008,Jan,47.37
Rajasthan,2008,Feb,89.63
Rajasthan,2008,Mar,89.3
Rajasthan,2008,Apr,77.82
Rajasthan,2008,May,253.38
Rajasthan,2008,Jun,55.94
Rajasthan,2008,Jul,85.12
Rajasthan,2008,Aug,167.85
Rajasthan,2008,Sep,43.66
Rajasthan,2008,Oct,100.11
Rajasthan,2008,Nov,71.83
Rajasthan,2008,Dec,91.23
Rajasthan,2009,Jan,121.02
Rajasthan,2009,Feb,36.09
Rajasthan,2009,Mar,136.03
Rajasthan,2009,Apr,104.8
Rajasthan,2009,May,61.42
Rajasthan,2009,Jun,66.98
Rajasthan,2009,Jul,38.76
Rajasthan,2009,Aug,92
Rajasthan,2009,Sep,90.49
Rajasthan,2009,Oct,77.08
Rajasthan,2009,Nov,69.73
Rajasthan,2009,Dec,191.19
Rajasthan,2010,Jan,119.95
Rajasthan,2010,Feb,64.06
Rajasthan,2010,Mar,80.14
Rajasthan,2010,Apr,76.03
Rajasthan,2010,May,66.04
Rajasthan,2010,Jun,103.35
Rajasthan,2010,Jul,113.31
Rajasthan,2010,Aug,80.92
Rajasthan,2010,Sep,43.08
Rajasthan,2010,Oct,135.67
Rajasthan,2010,Nov,39.16
Rajasthan,2010,Dec,77.04
Rajasthan,2011,Jan,89.19
Rajasthan,2011,Feb,56.02
Rajasthan,2011,Mar,50.96
Rajasthan,2011,Apr,76.77
Rajasthan,2011,May,141.85
Rajasthan,2011,Jun,113.41
Rajasthan,2011,Jul,180.05
Rajasthan,2011,Aug,101.5
Rajasthan,2011,Sep,196.03
Rajasthan,2011,Oct,162.85
Rajasthan,2011,Nov,95.51
Rajasthan,2011,Dec,144.7
Rajasthan,2012,Jan,206.02
Rajasthan,2012,Feb,129.25
Rajasthan,2012,Mar,59.46
Rajasthan,2012,Apr,68.85
Rajasthan,2012,May,146.61
Rajasthan,2012,Jun,50.45
Rajasthan,2012,Jul,143.64
Rajasthan,2012,Aug,123.4
Rajasthan,2012,Sep,73.26
Rajasthan,2012,Oct,169.23
Rajasthan,2012,Nov,32.49
Rajasthan,2012,Dec,158.35
Rajasthan,2013,Jan,161.98
Rajasthan,2013,Feb,88.33
Rajasthan,2013,Mar,65.68
Rajasthan,2013,Apr,41.01
Rajasthan,2013,May,58.95
Rajasthan,2013,Jun,50.92
Rajasthan,2013,Jul,102.92
Rajasthan,2013,Aug,136.32
Rajasthan,2013,Sep,54.21
Rajasthan,2013,Oct,127.95
Rajasthan,2013,Nov,81.6
Rajasthan,2013,Dec,75.52
Rajasthan,2014,Jan,151.91
Rajasthan,2014,Feb,193.84
Rajasthan,2014,Mar,32.07
Rajasthan,2014,Apr,124.74
Rajasthan,2014,May,43.96
Rajasthan,2014,Jun,102.84
Rajasthan,2014,Jul,65.12
Rajasthan,2014,Aug,212.79
Rajasthan,2014,Sep,130.13
Rajasthan,2014,Oct,59.9
Rajasthan,2014,Nov,79.95
Rajasthan,2014,Dec,90.85
Rajasthan,2015,Jan,51.65
Rajasthan,2015,Feb,98.72
Rajasthan,2015,Mar,148.44
Rajasthan,2015,Apr,36.59
Rajasthan,2015,May,73.39
Rajasthan,2015,Jun,169.25
Rajasthan,2015,Jul,205.39
Rajasthan,2015,Aug,115.96
Rajasthan,2015,Sep,56.92
Rajasthan,2015,Oct,128.41
Rajasthan,2015,Nov,137.97
Rajasthan,2015,Dec,101.25
Rajasthan,2016,Jan,73.24
Rajasthan,2016,Feb,124.43
Rajasthan,2016,Mar,85.61
Rajasthan,2016,Apr,129.15
Rajasthan,2016,May,56.96
Rajasthan,2016,Jun,59.6
Rajasthan,2016,Jul,125.37
Rajasthan,2016,Aug,57.01
Rajasthan,2016,Sep,88.14
Rajasthan,2016,Oct,83.1
Rajasthan,2016,Nov,52.81
Rajasthan,2016,Dec,65.4
Rajasthan,2017,Jan,30.99
Rajasthan,2017,Feb,98.9
Rajasthan,2017,Mar,50.01
Rajasthan,2017,Apr,63.07
Rajasthan,2017,May,115.1
Rajasthan,2017,Jun,171.24
Rajasthan,2017,Jul,78.93
Rajasthan,2017,Aug,58.6
Rajasthan,2017,Sep,74.23
Rajasthan,2017,Oct,48.72
Rajasthan,2017,Nov,123.67
Rajasthan,2017,Dec,33.8
Rajasthan,2018,Jan,109.79
Rajasthan,2018,Feb,107.45
Rajasthan,2018,Mar,157.32
Rajasthan,2018,Apr,86.7
Rajasthan,2018,May,47.12
Rajasthan,2018,Jun,109.19
Rajasthan,2018,Jul,127.9
Rajasthan,2018,Aug,149.98
Rajasthan,2018,Sep,77.38
Rajasthan,2018,Oct,125.14
Rajasthan,2018,Nov,106.59
Rajasthan,2018,Dec,76.73
Rajasthan,2019,Jan,57.99
Rajasthan,2019,Feb,70.12
Rajasthan,2019,Mar,78.63
Rajasthan,2019,Apr,43.36
Rajasthan,2019,May,126.01
Rajasthan,2019,Jun,149.22
Rajasthan,2019,Jul,228.7
Rajasthan,2019,Aug,57.7
Rajasthan,2019,Sep,105.11
Rajasthan,2019,Oct,137.61
Rajasthan,2019,Nov,175.21
Rajasthan,2019,Dec,32.89
Rajasthan,2020,Jan,62.4
Rajasthan,2020,Feb,128.02
Rajasthan,2020,Mar,91.33
Rajasthan,2020,Apr,39.6
Rajasthan,2020,May,146.44
Rajasthan,2020,Jun,117.28
Rajasthan,2020,Jul,61.77
Rajasthan,2020,Aug,101.1
Rajasthan,2020,Sep,74.53
Rajasthan,2020,Oct,53.34
Rajasthan,2020,Nov,76.39
Rajasthan,2020,Dec,38.68
Rajasthan,2021,Jan,172.39
Rajasthan,2021,Feb,167.93
Rajasthan,2021,Mar,56.28
Rajasthan,2021,Apr,150.99
Rajasthan,2021,May,62.21
Rajasthan,2021,Jun,148.37
Rajasthan,2021,Jul,160.81
Rajasthan,2021,Aug,144.62
Rajasthan,2021,Sep,30.89
Rajasthan,2021,Oct,73.72
Rajasthan,2021,Nov,145.72
Rajasthan,2021,Dec,139.44
Rajasthan,2022,Jan,60.43
Rajasthan,2022,Feb,99.28
Rajasthan,2022,Mar,143.61
Rajasthan,2022,Apr,142.96
Rajasthan,2022,May,148.68
Rajasthan,2022,Jun,124.66
Rajasthan,2022,Jul,139.79
Rajasthan,2022,Aug,136.06
Rajasthan,2022,Sep,130.02
Rajasthan,2022,Oct,82.94
Rajasthan,2022,Nov,76.77
Rajasthan,2022,Dec,151.49
Rajasthan,2023,Jan,54.86
Rajasthan,2023,Feb,78.65
Rajasthan,2023,Mar,82.65
Rajasthan,2023,Apr,111.73
Rajasthan,2023,May,108.26
Rajasthan,2023,Jun,223.65
Rajasthan,2023,Jul,96.87
Rajasthan,2023,Aug,80.1
Rajasthan,2023,Sep,93.21
Rajasthan,2023,Oct,69.33
Rajasthan,2023,Nov,60.03
Rajasthan,2023,Dec,82.02
Rajasthan,2024,Jan,171.49
Rajasthan,2024,Feb,130.66
Rajasthan,2024,Mar,97.93
Rajasthan,2024,Apr,124.64
Rajasthan,2024,May,79.66
Rajasthan,2024,Jun,46.8
Rajasthan,2024,Jul,189.05
Rajasthan,2024,Aug,183.63
Rajasthan,2024,Sep,84.06
Rajasthan,2024,Oct,193.66
Rajasthan,2024,Nov,59.97
Rajasthan,2024,Dec,35.02
Tamil Nadu,2005,Jan,68.64
Tamil Nadu,2005,Feb,74.2
Tamil Nadu,2005,Mar,82.02
Tamil Nadu,2005,Apr,89.43
Tamil Nadu,2005,May,80.85
Tamil Nadu,2005,Jun,140.08
Tamil Nadu,2005,Jul,80.63
Tamil Nadu,2005,Aug,119.01
Tamil Nadu,2005,Sep,87.03
Tamil Nadu,2005,Oct,87.25
Tamil Nadu,2005,Nov,103.53
Tamil Nadu,2005,Dec,53.6
Tamil Nadu,2006,Jan,87.88
Tamil Nadu,2006,Feb,40.32
Tamil Nadu,2006,Mar,108.38
Tamil Nadu,2006,Apr,55.06
Tamil Nadu,2006,May,104.95
Tamil Nadu,2006,Jun,85.74
Tamil Nadu,2006,Jul,133.73
Tamil Nadu,2006,Aug,129.51
Tamil Nadu,2006,Sep,77.06
Tamil Nadu,2006,Oct,121.7
Tamil Nadu,2006,Nov,41.12
Tamil Nadu,2006,Dec,132.88
Tamil Nadu,2007,Jan,41.13
Tamil Nadu,2007,Feb,110.71
Tamil Nadu,2007,Mar,98.84
Tamil Nadu,2007,Apr,19.68
Tamil Nadu,2007,May,92.55
Tamil Nadu,2007,Jun,155.23
Tamil Nadu,2007,Jul,99.01
Tamil Nadu,2007,Aug,86.3
Tamil Nadu,2007,Sep,157.4
Tamil Nadu,2007,Oct,97.85
Tamil Nadu,2007,Nov,102.26
Tamil Nadu,2007,Dec,74.78
Tamil Nadu,2008,Jan,84.79
Tamil Nadu,2008,Feb,62.62
Tamil Nadu,2008,Mar,78.01
Tamil Nadu,2008,Apr,74.91
Tamil Nadu,2008,May,56.46
Tamil Nadu,2008,Jun,95.44
Tamil Nadu,2008,Jul,245.17
Tamil Nadu,2008,Aug,103.27
Tamil Nadu,2008,Sep,124.35
Tamil Nadu,2008,Oct,112.06
Tamil Nadu,2008,Nov,73.18
Tamil Nadu,2008,Dec,137.2
Tamil Nadu,2009,Jan,76.45
Tamil Nadu,2009,Feb,164.29
Tamil Nadu,2009,Mar,97.91
Tamil Nadu,2009,Apr,97.49
Tamil Nadu,2009,May,87.12
Tamil Nadu,2009,Jun,105.17
Tamil Nadu,2009,Jul,152.64
Tamil Nadu,2009,Aug,84.61
Tamil Nadu,2009,Sep,122.2
Tamil Nadu,2009,Oct,67.07
Tamil Nadu,2009,Nov,114.62
Tamil Nadu,2009,Dec,101.7
Tamil Nadu,2010,Jan,66.88
Tamil Nadu,2010,Feb,119.85
Tamil Nadu,2010,Mar,97.73
Tamil Nadu,2010,Apr,92.02
Tamil Nadu,2010,May,46.85
Tamil Nadu,2010,Jun,85.64
Tamil Nadu,2010,Jul,167.94
Tamil Nadu,2010,Aug,131.85
Tamil Nadu,2010,Sep,96.99
Tamil Nadu,2010,Oct,219.01
Tamil Nadu,2010,Nov,173.49
Tamil Nadu,2010,Dec,224.93
Tamil Nadu,2011,Jan,65.25
Tamil Nadu,2011,Feb,80.06
Tamil Nadu,2011,Mar,40.79
Tamil Nadu,2011,Apr,51.6
Tamil Nadu,2011,May,58.81
Tamil Nadu,2011,Jun,151.39
Tamil Nadu,2011,Jul,152.69
Tamil Nadu,2011,Aug,116.83
Tamil Nadu,2011,Sep,23.62
Tamil Nadu,2011,Oct,68.95
Tamil Nadu,2011,Nov,63.91
Tamil Nadu,2011,Dec,52.01
Tamil Nadu,2012,Jan,155.02
Tamil Nadu,2012,Feb,97.35
Tamil Nadu,2012,Mar,56.08
Tamil Nadu,2012,Apr,96.05
Tamil Nadu,2012,May,103.04
Tamil Nadu,2012,Jun,111.8
Tamil Nadu,2012,Jul,93.47
Tamil Nadu,2012,Aug,87.44
Tamil Nadu,2012,Sep,50.72
Tamil Nadu,2012,Oct,86.22
Tamil Nadu,2012,Nov,88.62
Tamil Nadu,2012,Dec,73.85
Tamil Nadu,2013,Jan,71.95
Tamil Nadu,2013,Feb,75.79
Tamil Nadu,2013,Mar,97.32
Tamil Nadu,2013,Apr,48.85
Tamil Nadu,2013,May,62.01
Tamil Nadu,2013,Jun,102.95
Tamil Nadu,2013,Jul,109.81
Tamil Nadu,2013,Aug,144.39
Tamil Nadu,2013,Sep,241.01
Tamil Nadu,2013,Oct,116.21
Tamil Nadu,2013,Nov,55.09
Tamil Nadu,2013,Dec,144.97
Tamil Nadu,2014,Jan,68.29
Tamil Nadu,2014,Feb,65.96
Tamil Nadu,2014,Mar,49.65
Tamil Nadu,2014,Apr,119.55
Tamil Nadu,2014,May,89.88
Tamil Nadu,2014,Jun,143.19
Tamil Nadu,2014,Jul,63.58
Tamil Nadu,2014,Aug,47.97
Tamil Nadu,2014,Sep,146.98
Tamil Nadu,2014,Oct,155.6
Tamil Nadu,2014,Nov,67.82
Tamil Nadu,2014,Dec,74.96
Tamil Nadu,2015,Jan,111.03
Tamil Nadu,2015,Feb,58.53
Tamil Nadu,2015,Mar,41.98
Tamil Nadu,2015,Apr,81.84
Tamil Nadu,2015,May,88.95
Tamil Nadu,2015,Jun,119.51
Tamil Nadu,2015,Jul,108.32
Tamil Nadu,2015,Aug,106.25
Tamil Nadu,2015,Sep,89.51
Tamil Nadu,2015,Oct,48.54
Tamil Nadu,2015,Nov,78.65
Tamil Nadu,2015,Dec,114.47
Tamil Nadu,2016,Jan,95.74
Tamil Nadu,2016,Feb,274.76
Tamil Nadu,2016,Mar,117.59
Tamil Nadu,2016,Apr,59.04
Tamil Nadu,2016,May,111.26
Tamil Nadu,2016,Jun,149.26
Tamil Nadu,2016,Jul,44.29
Tamil Nadu,2016,Aug,180.98
Tamil Nadu,2016,Sep,144.71
Tamil Nadu,2016,Oct,175.22
Tamil Nadu,2016,Nov,165.68
Tamil Nadu,2016,Dec,95.75
Tamil Nadu,2017,Jan,66.73
Tamil Nadu,2017,Feb,118
Tamil Nadu,2017,Mar,85.27
Tamil Nadu,2017,Apr,64.17
Tamil Nadu,2017,May,63.15
Tamil Nadu,2017,Jun,167.13
Tamil Nadu,2017,Jul,79.37
Tamil Nadu,2017,Aug,74.06
Tamil Nadu,2017,Sep,77.62
Tamil Nadu,2017,Oct,126.06
Tamil Nadu,2017,Nov,187.5
Tamil Nadu,2017,Dec,15.34
Tamil Nadu,2018,Jan,62.69
Tamil Nadu,2018,Feb,169.32
Tamil Nadu,2018,Mar,123.12
Tamil Nadu,2018,Apr,61.88
Tamil Nadu,2018,May,117.75
Tamil Nadu,2018,Jun,84.33
Tamil Nadu,2018,Jul,185.51
Tamil Nadu,2018,Aug,62.97
Tamil Nadu,2018,Sep,122.75
Tamil Nadu,2018,Oct,47.41
Tamil Nadu,2018,Nov,88.72
Tamil Nadu,2018,Dec,168.27
Tamil Nadu,2019,Jan,173.5
Tamil Nadu,2019,Feb,58.72
Tamil Nadu,2019,Mar,41.41
Tamil Nadu,2019,Apr,84.02
Tamil Nadu,2019,May,121.12
Tamil Nadu,2019,Jun,69.73
Tamil Nadu,2019,Jul,69.34
Tamil Nadu,2019,Aug,129.32
Tamil Nadu,2019,Sep,50.17
Tamil Nadu,2019,Oct,91.73
Tamil Nadu,2019,Nov,114.99
Tamil Nadu,2019,Dec,65.53
Tamil Nadu,2020,Jan,65.23
Tamil Nadu,2020,Feb,204.14
Tamil Nadu,2020,Mar,147.45
Tamil Nadu,2020,Apr,67.77
Tamil Nadu,2020,May,50.24
Tamil Nadu,2020,Jun,71.97
Tamil Nadu,2020,Jul,115.31
Tamil Nadu,2020,Aug,89.54
Tamil Nadu,2020,Sep,60.13
Tamil Nadu,2020,Oct,119.67
Tamil Nadu,2020,Nov,52.42
Tamil Nadu,2020,Dec,108.87
Tamil Nadu,2021,Jan,208.67
Tamil Nadu,2021,Feb,100.14
Tamil Nadu,2021,Mar,102.38
Tamil Nadu,2021,Apr,61.98
Tamil Nadu,2021,May,83.98
Tamil Nadu,2021,Jun,73.35
Tamil Nadu,2021,Jul,101.92
Tamil Nadu,2021,Aug,71.46
Tamil Nadu,2021,Sep,74.33
Tamil Nadu,2021,Oct,143.5
Tamil Nadu,2021,Nov,94.52
Tamil Nadu,2021,Dec,125.89
Tamil Nadu,2022,Jan,223.2
Tamil Nadu,2022,Feb,105.56
Tamil Nadu,2022,Mar,199.36
Tamil Nadu,2022,Apr,96.17
Tamil Nadu,2022,May,124.98
Tamil Nadu,2022,Jun,145.56
Tamil Nadu,2022,Jul,82.42
Tamil Nadu,2022,Aug,116.23
Tamil Nadu,2022,Sep,80.53
Tamil Nadu,2022,Oct,111.88
Tamil Nadu,2022,Nov,68.52
Tamil Nadu,2022,Dec,56.65
Tamil Nadu,2023,Jan,66.05
Tamil Nadu,2023,Feb,84.63
Tamil Nadu,2023,Mar,96.82
Tamil Nadu,2023,Apr,144.39
Tamil Nadu,2023,May,199.39
Tamil Nadu,2023,Jun,75.63
Tamil Nadu,2023,Jul,57.8
Tamil Nadu,2023,Aug,162.48
Tamil Nadu,2023,Sep,138.16
Tamil Nadu,2023,Oct,82.9
Tamil Nadu,2023,Nov,96.56
Tamil Nadu,2023,Dec,70.23
Tamil Nadu,2024,Jan,163.48
Tamil Nadu,2024,Feb,106.41
Tamil Nadu,2024,Mar,76.68
Tamil Nadu,2024,Apr,110.3
Tamil Nadu,2024,May,112.66
Tamil Nadu,2024,Jun,174.07
Tamil Nadu,2024,Jul,139.17
Tamil Nadu,2024,Aug,47.84
Tamil Nadu,2024,Sep,150
Tamil Nadu,2024,Oct,69.95
Tamil Nadu,2024,Nov,155.38
Tamil Nadu,2024,Dec,41.46
Telangana,2005,Jan,146.56
Telangana,2005,Feb,109.84
Telangana,2005,Mar,39.29
Telangana,2005,Apr,124.04
Telangana,2005,May,146.53
Telangana,2005,Jun,89.72
Telangana,2005,Jul,74.8
Telangana,2005,Aug,96.39
Telangana,2005,Sep,68.31
Telangana,2005,Oct,94.27
Telangana,2005,Nov,66.32
Telangana,2005,Dec,122.35
Telangana,2006,Jan,89.9
Telangana,2006,Feb,142.92
Telangana,2006,Mar,68.46
Telangana,2006,Apr,73.11
Telangana,2006,May,142.48
Telangana,2006,Jun,60.51
Telangana,2006,Jul,51.25
Telangana,2006,Aug,73.19
Telangana,2006,Sep,123.47
Telangana,2006,Oct,89.91
Telangana,2006,Nov,153.04
Telangana,2006,Dec,113.02
Telangana,2007,Jan,158.79
Telangana,2007,Feb,119.69
Telangana,2007,Mar,36.07
Telangana,2007,Apr,101.68
Telangana,2007,May,66.2
Telangana,2007,Jun,102.29
Telangana,2007,Jul,46.85
Telangana,2007,Aug,222.29
Telangana,2007,Sep,56.44
Telangana,2007,Oct,128.43
Telangana,2007,Nov,94
Telangana,2007,Dec,56.86
Telangana,2008,Jan,92.42
Telangana,2008,Feb,162.04
Telangana,2008,Mar,80.58
Telangana,2008,Apr,110.21
Telangana,2008,May,153.78
Telangana,2008,Jun,115.25
Telangana,2008,Jul,117.49
Telangana,2008,Aug,48.76
Telangana,2008,Sep,109.9
Telangana,2008,Oct,98.61
Telangana,2008,Nov,170.87
Telangana,2008,Dec,237.85
Telangana,2009,Jan,106.7
Telangana,2009,Feb,215.3
Telangana,2009,Mar,80.86
Telangana,2009,Apr,160.36
Telangana,2009,May,233.04
Telangana,2009,Jun,102.84
Telangana,2009,Jul,119.96
Telangana,2009,Aug,110.64
Telangana,2009,Sep,65.68
Telangana,2009,Oct,121.43
Telangana,2009,Nov,159.95
Telangana,2009,Dec,113.32
Telangana,2010,Jan,157.76
Telangana,2010,Feb,100.94
Telangana,2010,Mar,105.02
Telangana,2010,Apr,40.44
Telangana,2010,May,47.95
Telangana,2010,Jun,175.67
Telangana,2010,Jul,124.65
Telangana,2010,Aug,56.93
Telangana,2010,Sep,61.34
Telangana,2010,Oct,57.1
Telangana,2010,Nov,97.48
Telangana,2010,Dec,129.54
Telangana,2011,Jan,77.96
Telangana,2011,Feb,95.63
Telangana,2011,Mar,97.22
Telangana,2011,Apr,74.88
Telangana,2011,May,116.88
Telangana,2011,Jun,97.06
Telangana,2011,Jul,117.14
Telangana,2011,Aug,130.03
Telangana,2011,Sep,33.44
Telangana,2011,Oct,110.81
Telangana,2011,Nov,99.89
Telangana,2011,Dec,119.36
Telangana,2012,Jan,162.73
Telangana,2012,Feb,97.9
Telangana,2012,Mar,37.73
Telangana,2012,Apr,69.4
Telangana,2012,May,222.63
Telangana,2012,Jun,77.9
Telangana,2012,Jul,76.35
Telangana,2012,Aug,65.84
Telangana,2012,Sep,71.54
Telangana,2012,Oct,91.08
Telangana,2012,Nov,25.82
Telangana,2012,Dec,89.19
Telangana,2013,Jan,67.69
Telangana,2013,Feb,74.17
Telangana,2013,Mar,108.67
Telangana,2013,Apr,72.96
Telangana,2013,May,115.08
Telangana,2013,Jun,71.93
Telangana,2013,Jul,127.44
Telangana,2013,Aug,33.21
Telangana,2013,Sep,86.34
Telangana,2013,Oct,70.43
Telangana,2013,Nov,82.84
Telangana,2013,Dec,98.21
Telangana,2014,Jan,87
Telangana,2014,Feb,57.27
Telangana,2014,Mar,55.68
Telangana,2014,Apr,53.72
Telangana,2014,May,97.34
Telangana,2014,Jun,120.84
Telangana,2014,Jul,60.52
Telangana,2014,Aug,167.98
Telangana,2014,Sep,62.94
Telangana,2014,Oct,120.28
Telangana,2014,Nov,55.5
Telangana,2014,Dec,110.63
Telangana,2015,Jan,157.04
Telangana,2015,Feb,68.26
Telangana,2015,Mar,88.97
Telangana,2015,Apr,113.39
Telangana,2015,May,115.61
Telangana,2015,Jun,153.88
Telangana,2015,Jul,44.73
Telangana,2015,Aug,89.27
Telangana,2015,Sep,57.53
Telangana,2015,Oct,69.12
Telangana,2015,Nov,63.96
Telangana,2015,Dec,91.39
Telangana,2016,Jan,67.4
Telangana,2016,Feb,78.78
Telangana,2016,Mar,84.08
Telangana,2016,Apr,106.64
Telangana,2016,May,113.06
Telangana,2016,Jun,98.72
Telangana,2016,Jul,87.56
Telangana,2016,Aug,145.36
Telangana,2016,Sep,62.33
Telangana,2016,Oct,131.51
Telangana,2016,Nov,41.15
Telangana,2016,Dec,79.66
Telangana,2017,Jan,113.74
Telangana,2017,Feb,77.28
Telangana,2017,Mar,133.98
Telangana,2017,Apr,102.83
Telangana,2017,May,114.14
Telangana,2017,Jun,131.44
Telangana,2017,Jul,113.17
Telangana,2017,Aug,187.58
Telangana,2017,Sep,76.87
Telangana,2017,Oct,74.18
Telangana,2017,Nov,135.24
Telangana,2017,Dec,54.8
Telangana,2018,Jan,81.64
Telangana,2018,Feb,41.44
Telangana,2018,Mar,191.03
Telangana,2018,Apr,95.58
Telangana,2018,May,46.05
Telangana,2018,Jun,175.76
Telangana,2018,Jul,222.7
Telangana,2018,Aug,92.77
Telangana,2018,Sep,70.65
Telangana,2018,Oct,101.44
Telangana,2018,Nov,110.38
Telangana,2018,Dec,47.56
Telangana,2019,Jan,66.53
Telangana,2019,Feb,84.53
Telangana,2019,Mar,76.9
Telangana,2019,Apr,179.47
Telangana,2019,May,89.33
Telangana,2019,Jun,37.29
Telangana,2019,Jul,108.05
Telangana,2019,Aug,93.22
Telangana,2019,Sep,84.79
Telangana,2019,Oct,40.07
Telangana,2019,Nov,83.21
Telangana,2019,Dec,102.54
Telangana,2020,Jan,185.15
Telangana,2020,Feb,73.45
Telangana,2020,Mar,132.26
Telangana,2020,Apr,80.88
Telangana,2020,May,101.13
Telangana,2020,Jun,117.19
Telangana,2020,Jul,231.49
Telangana,2020,Aug,153.79
Telangana,2020,Sep,60.12
Telangana,2020,Oct,106.33
Telangana,2020,Nov,100.41
Telangana,2020,Dec,113.27
Telangana,2021,Jan,45.42
Telangana,2021,Feb,91.59
Telangana,2021,Mar,65.92
Telangana,2021,Apr,61.23
Telangana,2021,May,131.64
Telangana,2021,Jun,172.29
Telangana,2021,Jul,135.11
Telangana,2021,Aug,184.54
Telangana,2021,Sep,81.85
Telangana,2021,Oct,274.87
Telangana,2021,Nov,26.59
Telangana,2021,Dec,195.75
Telangana,2022,Jan,97.67
Telangana,2022,Feb,98.54
Telangana,2022,Mar,30.84
Telangana,2022,Apr,86.92
Telangana,2022,May,66.34
Telangana,2022,Jun,46.72
Telangana,2022,Jul,113.35
Telangana,2022,Aug,146.04
Telangana,2022,Sep,82.3
Telangana,2022,Oct,67.59
Telangana,2022,Nov,98.82
Telangana,2022,Dec,70.22
Telangana,2023,Jan,124.16
Telangana,2023,Feb,69.32
Telangana,2023,Mar,137.05
Telangana,2023,Apr,35.66
Telangana,2023,May,91.35
Telangana,2023,Jun,50.9
Telangana,2023,Jul,83.42
Telangana,2023,Aug,79.74
Telangana,2023,Sep,200.28
Telangana,2023,Oct,72.99
Telangana,2023,Nov,84
Telangana,2023,Dec,140.87
Telangana,2024,Jan,44.16
Telangana,2024,Feb,41.24
Telangana,2024,Mar,56.35
Telangana,2024,Apr,28.17
Telangana,2024,May,58.82
Telangana,2024,Jun,110.18
Telangana,2024,Jul,59.48
Telangana,2024,Aug,151.9
Telangana,2024,Sep,77.44
Telangana,2024,Oct,101.72
Telangana,2024,Nov,126.42
Telangana,2024,Dec,76.31
Uttar Pradesh,2005,Jan,122.39
Uttar Pradesh,2005,Feb,129.65
Uttar Pradesh,2005,Mar,212.5
Uttar Pradesh,2005,Apr,86.71
Uttar Pradesh,2005,May,30.88
Uttar Pradesh,2005,Jun,84.77
Uttar Pradesh,2005,Jul,26.72
Uttar Pradesh,2005,Aug,46.63
Uttar Pradesh,2005,Sep,21.75
Uttar Pradesh,2005,Oct,136.36
Uttar Pradesh,2005,Nov,94.6
Uttar Pradesh,2005,Dec,227.49
Uttar Pradesh,2006,Jan,112.33
Uttar Pradesh,2006,Feb,65.8
Uttar Pradesh,2006,Mar,86.22
Uttar Pradesh,2006,Apr,88.02
Uttar Pradesh,2006,May,52.83
Uttar Pradesh,2006,Jun,96.27
Uttar Pradesh,2006,Jul,36.74
Uttar Pradesh,2006,Aug,139.62
Uttar Pradesh,2006,Sep,93.45
Uttar Pradesh,2006,Oct,148.12
Uttar Pradesh,2006,Nov,58.21
Uttar Pradesh,2006,Dec,32.78
Uttar Pradesh,2007,Jan,64.48
Uttar Pradesh,2007,Feb,84.72
Uttar Pradesh,2007,Mar,109.79
Uttar Pradesh,2007,Apr,160.33
Uttar Pradesh,2007,May,98.61
Uttar Pradesh,2007,Jun,97.75
Uttar Pradesh,2007,Jul,109.99
Uttar Pradesh,2007,Aug,49.58
Uttar Pradesh,2007,Sep,60.15
Uttar Pradesh,2007,Oct,91.56
Uttar Pradesh,2007,Nov,45.7
Uttar Pradesh,2007,Dec,129.74
Uttar Pradesh,2008,Jan,47.34
Uttar Pradesh,2008,Feb,29.19
Uttar Pradesh,2008,Mar,178.95
Uttar Pradesh,2008,Apr,61.58
Uttar Pradesh,2008,May,142.88
Uttar Pradesh,2008,Jun,124.86
Uttar Pradesh,2008,Jul,125.97
Uttar Pradesh,2008,Aug,139.47
Uttar Pradesh,2008,Sep,52.54
Uttar Pradesh,2008,Oct,190.3
Uttar Pradesh,2008,Nov,90.29
Uttar Pradesh,2008,Dec,100.3
Uttar Pradesh,2009,Jan,103.65
Uttar Pradesh,2009,Feb,55.51
Uttar Pradesh,2009,Mar,68.03
Uttar Pradesh,2009,Apr,101.4
Uttar Pradesh,2009,May,171.27
Uttar Pradesh,2009,Jun,53.88
Uttar Pradesh,2009,Jul,81.37
Uttar Pradesh,2009,Aug,92.07
Uttar Pradesh,2009,Sep,100.34
Uttar Pradesh,2009,Oct,159.7
Uttar Pradesh,2009,Nov,51.19
Uttar Pradesh,2009,Dec,99.78
Uttar Pradesh,2010,Jan,121.17
Uttar Pradesh,2010,Feb,143.76
Uttar Pradesh,2010,Mar,99.39
Uttar Pradesh,2010,Apr,71.15
Uttar Pradesh,2010,May,59.38
Uttar Pradesh,2010,Jun,88.39
Uttar Pradesh,2010,Jul,42.34
Uttar Pradesh,2010,Aug,111.43
Uttar Pradesh,2010,Sep,127.9
Uttar Pradesh,2010,Oct,171.11
Uttar Pradesh,2010,Nov,78.26
Uttar Pradesh,2010,Dec,119.25
Uttar Pradesh,2011,Jan,151.4
Uttar Pradesh,2011,Feb,107.67
Uttar Pradesh,2011,Mar,115.66
Uttar Pradesh,2011,Apr,115.8
Uttar Pradesh,2011,May,63.72
Uttar Pradesh,2011,Jun,114.2
Uttar Pradesh,2011,Jul,80.31
Uttar Pradesh,2011,Aug,185.94
Uttar Pradesh,2011,Sep,45.01
Uttar Pradesh,2011,Oct,168.25
Uttar Pradesh,2011,Nov,95.43
Uttar Pradesh,2011,Dec,84.38
Uttar Pradesh,2012,Jan,117.69
Uttar Pradesh,2012,Feb,46.75
Uttar Pradesh,2012,Mar,68.17
Uttar Pradesh,2012,Apr,62.3
Uttar Pradesh,2012,May,74.69
Uttar Pradesh,2012,Jun,192.41
Uttar Pradesh,2012,Jul,39.41
Uttar Pradesh,2012,Aug,144.85
Uttar Pradesh,2012,Sep,60.44
Uttar Pradesh,2012,Oct,88.99
Uttar Pradesh,2012,Nov,109.19
Uttar Pradesh,2012,Dec,45.89
Uttar Pradesh,2013,Jan,57.53
Uttar Pradesh,2013,Feb,78.03
Uttar Pradesh,2013,Mar,68.89
Uttar Pradesh,2013,Apr,136.36
Uttar Pradesh,2013,May,112.48
Uttar Pradesh,2013,Jun,42.34
Uttar Pradesh,2013,Jul,73.15
Uttar Pradesh,2013,Aug,88.66
Uttar Pradesh,2013,Sep,105.28
Uttar Pradesh,2013,Oct,83.49
Uttar Pradesh,2013,Nov,113.94
Uttar Pradesh,2013,Dec,70.02
Uttar Pradesh,2014,Jan,117.98
Uttar Pradesh,2014,Feb,149.56
Uttar Pradesh,2014,Mar,144.21
Uttar Pradesh,2014,Apr,104.34
Uttar Pradesh,2014,May,91.94
Uttar Pradesh,2014,Jun,119.95
Uttar Pradesh,2014,Jul,97.81
Uttar Pradesh,2014,Aug,103.66
Uttar Pradesh,2014,Sep,106.43
Uttar Pradesh,2014,Oct,162.85
Uttar Pradesh,2014,Nov,74.22
Uttar Pradesh,2014,Dec,215.61
Uttar Pradesh,2015,Jan,79.78
Uttar Pradesh,2015,Feb,53.04
Uttar Pradesh,2015,Mar,105.41
Uttar Pradesh,2015,Apr,52.53
Uttar Pradesh,2015,May,124.02
Uttar Pradesh,2015,Jun,73.76
Uttar Pradesh,2015,Jul,142.76
Uttar Pradesh,2015,Aug,64.92
Uttar Pradesh,2015,Sep,80.72
Uttar Pradesh,2015,Oct,167.66
Uttar Pradesh,2015,Nov,154.3
Uttar Pradesh,2015,Dec,95.41
Uttar Pradesh,2016,Jan,81.19
Uttar Pradesh,2016,Feb,52.06
Uttar Pradesh,2016,Mar,37.76
Uttar Pradesh,2016,Apr,54.64
Uttar Pradesh,2016,May,164.44
Uttar Pradesh,2016,Jun,107.32
Uttar Pradesh,2016,Jul,58.13
Uttar Pradesh,2016,Aug,122.08
Uttar Pradesh,2016,Sep,57.92
Uttar Pradesh,2016,Oct,139.52
Uttar Pradesh,2016,Nov,75.64
Uttar Pradesh,2016,Dec,132.25
Uttar Pradesh,2017,Jan,37.13
Uttar Pradesh,2017,Feb,48.53
Uttar Pradesh,2017,Mar,131.48
Uttar Pradesh,2017,Apr,135.65
Uttar Pradesh,2017,May,170.79
Uttar Pradesh,2017,Jun,108.94
Uttar Pradesh,2017,Jul,74.8
Uttar Pradesh,2017,Aug,81.74
Uttar Pradesh,2017,Sep,107.58
Uttar Pradesh,2017,Oct,41.98
Uttar Pradesh,2017,Nov,34.94
Uttar Pradesh,2017,Dec,138.13
Uttar Pradesh,2018,Jan,159.16
Uttar Pradesh,2018,Feb,104.47
Uttar Pradesh,2018,Mar,72.99
Uttar Pradesh,2018,Apr,69.75
Uttar Pradesh,2018,May,87.34
Uttar Pradesh,2018,Jun,86.49
Uttar Pradesh,2018,Jul,85.68
Uttar Pradesh,2018,Aug,107.4
Uttar Pradesh,2018,Sep,59.67
Uttar Pradesh,2018,Oct,107.49
Uttar Pradesh,2018,Nov,54.06
Uttar Pradesh,2018,Dec,103.96
Uttar Pradesh,2019,Jan,37.03
Uttar Pradesh,2019,Feb,58.52
Uttar Pradesh,2019,Mar,148.06
Uttar Pradesh,2019,Apr,117.51
Uttar Pradesh,2019,May,123.31
Uttar Pradesh,2019,Jun,207.62
Uttar Pradesh,2019,Jul,87.57
Uttar Pradesh,2019,Aug,114.61
Uttar Pradesh,2019,Sep,74.63
Uttar Pradesh,2019,Oct,91.48
Uttar Pradesh,2019,Nov,105.13
Uttar Pradesh,2019,Dec,45.05
Uttar Pradesh,2020,Jan,26.62
Uttar Pradesh,2020,Feb,139.54
Uttar Pradesh,2020,Mar,99.17
Uttar Pradesh,2020,Apr,71.87
Uttar Pradesh,2020,May,48.06
Uttar Pradesh,2020,Jun,122.23
Uttar Pradesh,2020,Jul,90.47
Uttar Pradesh,2020,Aug,98.07
Uttar Pradesh,2020,Sep,59.87
Uttar Pradesh,2020,Oct,93.05
Uttar Pradesh,2020,Nov,120.06
Uttar Pradesh,2020,Dec,58.72
Uttar Pradesh,2021,Jan,51.84
Uttar Pradesh,2021,Feb,190.86
Uttar Pradesh,2021,Mar,57.86
Uttar Pradesh,2021,Apr,90.93
Uttar Pradesh,2021,May,85.24
Uttar Pradesh,2021,Jun,45.86
Uttar Pradesh,2021,Jul,126.87
Uttar Pradesh,2021,Aug,129.61
Uttar Pradesh,2021,Sep,122.75
Uttar Pradesh,2021,Oct,83
Uttar Pradesh,2021,Nov,102.86
Uttar Pradesh,2021,Dec,64.32
Uttar Pradesh,2022,Jan,98.07
Uttar Pradesh,2022,Feb,124.63
Uttar Pradesh,2022,Mar,133.06
Uttar Pradesh,2022,Apr,105.74
Uttar Pradesh,2022,May,123.15
Uttar Pradesh,2022,Jun,109.53
Uttar Pradesh,2022,Jul,132.2
Uttar Pradesh,2022,Aug,84.99
Uttar Pradesh,2022,Sep,56.02
Uttar Pradesh,2022,Oct,62.79
Uttar Pradesh,2022,Nov,67.27
Uttar Pradesh,2022,Dec,191.44
Uttar Pradesh,2023,Jan,112.38
Uttar Pradesh,2023,Feb,118.16
Uttar Pradesh,2023,Mar,146.54
Uttar Pradesh,2023,Apr,46.32
Uttar Pradesh,2023,May,103.21
Uttar Pradesh,2023,Jun,82.82
Uttar Pradesh,2023,Jul,150.61
Uttar Pradesh,2023,Aug,128.85
Uttar Pradesh,2023,Sep,107.56
Uttar Pradesh,2023,Oct,68.28
Uttar Pradesh,2023,Nov,113.59
Uttar Pradesh,2023,Dec,106.41
Uttar Pradesh,2024,Jan,97.46
Uttar Pradesh,2024,Feb,113.33
Uttar Pradesh,2024,Mar,190.21
Uttar Pradesh,2024,Apr,121.58
Uttar Pradesh,2024,May,79.27
Uttar Pradesh,2024,Jun,65.36
Uttar Pradesh,2024,Jul,12.11
Uttar Pradesh,2024,Aug,61.57
Uttar Pradesh,2024,Sep,114.48
Uttar Pradesh,2024,Oct,62.73
Uttar Pradesh,2024,Nov,115.22
Uttar Pradesh,2024,Dec,59.99
West Bengal,2005,Jan,60.15
West Bengal,2005,Feb,110.75
West Bengal,2005,Mar,69.39
West Bengal,2005,Apr,82.29
West Bengal,2005,May,169.26
West Bengal,2005,Jun,59
West Bengal,2005,Jul,113.19
West Bengal,2005,Aug,49.97
West Bengal,2005,Sep,93.82
West Bengal,2005,Oct,89.04
West Bengal,2005,Nov,89.62
West Bengal,2005,Dec,106.18
West Bengal,2006,Jan,233.9
West Bengal,2006,Feb,89.22
West Bengal,2006,Mar,121.73
West Bengal,2006,Apr,80.6
West Bengal,2006,May,61.79
West Bengal,2006,Jun,58.81
West Bengal,2006,Jul,193.62
West Bengal,2006,Aug,132.33
West Bengal,2006,Sep,69.69
West Bengal,2006,Oct,41.36
West Bengal,2006,Nov,152.02
West Bengal,2006,Dec,90.99
West Bengal,2007,Jan,121.27
West Bengal,2007,Feb,69.79
West Bengal,2007,Mar,83
West Bengal,2007,Apr,69.07
West Bengal,2007,May,99.85
West Bengal,2007,Jun,134.32
West Bengal,2007,Jul,116.3
West Bengal,2007,Aug,126.06
West Bengal,2007,Sep,199.18
West Bengal,2007,Oct,120.63
West Bengal,2007,Nov,70.44
West Bengal,2007,Dec,68.46
West Bengal,2008,Jan,133.68
West Bengal,2008,Feb,125.11
West Bengal,2008,Mar,183.39
West Bengal,2008,Apr,68.69
West Bengal,2008,May,109.19
West Bengal,2008,Jun,85.17
West Bengal,2008,Jul,43.96
West Bengal,2008,Aug,61.85
West Bengal,2008,Sep,82.68
West Bengal,2008,Oct,52.8
West Bengal,2008,Nov,71.04
West Bengal,2008,Dec,165.54
West Bengal,2009,Jan,148.02
West Bengal,2009,Feb,79.01
West Bengal,2009,Mar,69.94
West Bengal,2009,Apr,17.6
West Bengal,2009,May,44.15
West Bengal,2009,Jun,91.79
West Bengal,2009,Jul,96.24
West Bengal,2009,Aug,30.16
West Bengal,2009,Sep,89.86
West Bengal,2009,Oct,135.46
West Bengal,2009,Nov,104.37
West Bengal,2009,Dec,105.56
West Bengal,2010,Jan,90.88
West Bengal,2010,Feb,106.61
West Bengal,2010,Mar,156.28
West Bengal,2010,Apr,113.36
West Bengal,2010,May,59.67
West Bengal,2010,Jun,131.84
West Bengal,2010,Jul,81.91
West Bengal,2010,Aug,66.99
West Bengal,2010,Sep,238.46
West Bengal,2010,Oct,90.23
West Bengal,2010,Nov,62.17
West Bengal,2010,Dec,76.73
West Bengal,2011,Jan,81.99
West Bengal,2011,Feb,120.38
West Bengal,2011,Mar,110.03
West Bengal,2011,Apr,126.43
West Bengal,2011,May,150.2
West Bengal,2011,Jun,167.42
West Bengal,2011,Jul,161.14
West Bengal,2011,Aug,36.08
West Bengal,2011,Sep,194.54
West Bengal,2011,Oct,68.45
West Bengal,2011,Nov,117.32
West Bengal,2011,Dec,119.41
West Bengal,2012,Jan,87.44
West Bengal,2012,Feb,68.88
West Bengal,2012,Mar,47.09
West Bengal,2012,Apr,95.76
West Bengal,2012,May,88.97
West Bengal,2012,Jun,54.27
West Bengal,2012,Jul,92.07
West Bengal,2012,Aug,114.43
West Bengal,2012,Sep,212.49
West Bengal,2012,Oct,72.42
West Bengal,2012,Nov,74.22
West Bengal,2012,Dec,149.99
West Bengal,2013,Jan,97.79
West Bengal,2013,Feb,42.6
West Bengal,2013,Mar,69.74
West Bengal,2013,Apr,73.7
West Bengal,2013,May,104.5
West Bengal,2013,Jun,53.33
West Bengal,2013,Jul,47.16
West Bengal,2013,Aug,75.05
West Bengal,2013,Sep,76.97
West Bengal,2013,Oct,58.11
West Bengal,2013,Nov,53.34
West Bengal,2013,Dec,137.17
West Bengal,2014,Jan,80.06
West Bengal,2014,Feb,134.59
West Bengal,2014,Mar,119.84
West Bengal,2014,Apr,68.5
West Bengal,2014,May,62.52
West Bengal,2014,Jun,155.48
West Bengal,2014,Jul,120.65
West Bengal,2014,Aug,90.45
West Bengal,2014,Sep,140.31
West Bengal,2014,Oct,52.15
West Bengal,2014,Nov,186.17
West Bengal,2014,Dec,72.04
West Bengal,2015,Jan,49.24
West Bengal,2015,Feb,81.45
West Bengal,2015,Mar,55.29
West Bengal,2015,Apr,100.87
West Bengal,2015,May,80.57
West Bengal,2015,Jun,79.95
West Bengal,2015,Jul,200.27
West Bengal,2015,Aug,113.98
West Bengal,2015,Sep,66.46
West Bengal,2015,Oct,94.08
West Bengal,2015,Nov,156.17
West Bengal,2015,Dec,78.51
West Bengal,2016,Jan,96.12
West Bengal,2016,Feb,71.49
West Bengal,2016,Mar,139.21
West Bengal,2016,Apr,94.34
West Bengal,2016,May,163.79
West Bengal,2016,Jun,103.2
West Bengal,2016,Jul,82.37
West Bengal,2016,Aug,86.43
West Bengal,2016,Sep,188.58
West Bengal,2016,Oct,97.97
West Bengal,2016,Nov,65.63
West Bengal,2016,Dec,80.09
West Bengal,2017,Jan,183.77
West Bengal,2017,Feb,51.99
West Bengal,2017,Mar,69.91
West Bengal,2017,Apr,149.34
West Bengal,2017,May,123.9
West Bengal,2017,Jun,62.45
West Bengal,2017,Jul,82.84
West Bengal,2017,Aug,71.08
West Bengal,2017,Sep,183.37
West Bengal,2017,Oct,108.3
West Bengal,2017,Nov,83.66
West Bengal,2017,Dec,85.89
West Bengal,2018,Jan,71.89
West Bengal,2018,Feb,147.89
West Bengal,2018,Mar,122.51
West Bengal,2018,Apr,146.87
West Bengal,2018,May,86.06
West Bengal,2018,Jun,74.5
West Bengal,2018,Jul,115.07
West Bengal,2018,Aug,100.09
West Bengal,2018,Sep,213.31
West Bengal,2018,Oct,84.07
West Bengal,2018,Nov,74.88
West Bengal,2018,Dec,98.09
West Bengal,2019,Jan,64.04
West Bengal,2019,Feb,115.46
West Bengal,2019,Mar,58.38
West Bengal,2019,Apr,109.25
West Bengal,2019,May,99.29
West Bengal,2019,Jun,190.34
West Bengal,2019,Jul,106.18
West Bengal,2019,Aug,65.67
West Bengal,2019,Sep,123.26
West Bengal,2019,Oct,67.17
West Bengal,2019,Nov,117.48
West Bengal,2019,Dec,83.73
West Bengal,2020,Jan,60.66
West Bengal,2020,Feb,53.61
West Bengal,2020,Mar,173.65
West Bengal,2020,Apr,50.13
West Bengal,2020,May,102.4
West Bengal,2020,Jun,150.98
West Bengal,2020,Jul,66.14
West Bengal,2020,Aug,84.33
West Bengal,2020,Sep,176.4
West Bengal,2020,Oct,80.06
West Bengal,2020,Nov,74.11
West Bengal,2020,Dec,71.67
West Bengal,2021,Jan,137.55
West Bengal,2021,Feb,105.48
West Bengal,2021,Mar,87.53
West Bengal,2021,Apr,135.3
West Bengal,2021,May,149.34
West Bengal,2021,Jun,69.46
West Bengal,2021,Jul,58.14
West Bengal,2021,Aug,94.16
West Bengal,2021,Sep,156.18
West Bengal,2021,Oct,88.05
West Bengal,2021,Nov,119.11
West Bengal,2021,Dec,56.45
West Bengal,2022,Jan,93.89
West Bengal,2022,Feb,140.25
West Bengal,2022,Mar,161.33
West Bengal,2022,Apr,113.48
West Bengal,2022,May,97.32
West Bengal,2022,Jun,102.32
West Bengal,2022,Jul,131.79
West Bengal,2022,Aug,112.95
West Bengal,2022,Sep,60.05
West Bengal,2022,Oct,52.55
West Bengal,2022,Nov,65.98
West Bengal,2022,Dec,76.41
West Bengal,2023,Jan,185.8
West Bengal,2023,Feb,158.53
West Bengal,2023,Mar,90.44
West Bengal,2023,Apr,103.91
West Bengal,2023,May,81.25
West Bengal,2023,Jun,69.87
West Bengal,2023,Jul,139.3
West Bengal,2023,Aug,50.22
West Bengal,2023,Sep,134.86
West Bengal,2023,Oct,86.93
West Bengal,2023,Nov,67.77
West Bengal,2023,Dec,46.39
West Bengal,2024,Jan,79.63
West Bengal,2024,Feb,78.51
West Bengal,2024,Mar,114.54
West Bengal,2024,Apr,114.84
West Bengal,2024,May,58.8
West Bengal,2024,Jun,91.01
West Bengal,2024,Jul,169.43
West Bengal,2024,Aug,80.82
West Bengal,2024,Sep,53.87
West Bengal,2024,Oct,233.65
West Bengal,2024,Nov,57.09
West Bengal,2024,Dec,146.92
